101;P0U35DTO;Valid;1
102;P0UCQZRO;Valid;1
103;P0U90VTW;Valid;1
104;P0UDGKAF;Valid;1
105;P0UPTU3B;Valid;1
106;P0UOCLVS;Valid;1
107;P0UVL72U;Valid;1
108;P0UP1FCI;Valid;1
109;P0U29MY3;Valid;1
110;P0UB3RHV;Valid;1
111;P0U79XAX;Valid;1
112;P0U9A9CK;Valid;1
113;P0UU4BBU;Valid;1
114;P0ULOS1Q;Valid;1
115;P0ULCOU2;Valid;1
116;P0UUX4P3;Valid;1
117;P0UZY1G2;Valid;1
118;P0UCI94H;Valid;1
119;P0UGI8JJ;Valid;1
120;P0UZX22L;Valid;1
121;P0U4Z7IM;Valid;1
122;P0UTMHUW;Valid;1
123;P0UFCW5X;Valid;1
124;P0UPGR02;Valid;1
125;P0UNRTYB;Valid;1
126;P0UX7MEP;Valid;1
127;P0U2MO1P;Valid;1
128;P0UZSGKD;Valid;1
129;P0U0KWL5;Valid;1
130;P0UL3GKC;Valid;1
131;P0URQVBL;Valid;1
132;P0UEL2W9;Valid;1
133;P0U4TVG7;Valid;1
134;P0ULVV2Z;Valid;1
135;P0UY2JTS;Valid;1
136;P0UUKOM9;Valid;1
137;P0USUQBN;Valid;1
138;P0UEXFHN;Valid;1
139;P0UDWZPP;Valid;1
140;P0UMZHB6;Valid;1
141;P0UBQ124;Valid;1
142;P0UHQ64O;Valid;1
143;P0UQMI4T;Valid;1
144;P0UTWDZJ;Valid;1
145;P0UCJ9LX;Valid;1
146;P0UNNLHH;Valid;1
147;P0UPWIYV;Valid;1
148;P0UVCBFI;Valid;1
149;P0UOVK57;Valid;1
150;P0USNAJF;Valid;1
151;P0UX0LI6;Valid;1
152;P0UEUVVY;Valid;1
153;P0U5DO4J;Valid;1
154;P0UYO5P5;Valid;1
155;P0UH17H0;Valid;1
156;P0U96SXQ;Valid;1
157;P0UFXW5N;Valid;1
158;P0UBSBNQ;Valid;1
159;P0UK9AXW;Valid;1
160;P0UTBZL0;Valid;1
161;P0UKNLMI;Valid;1
162;P0UVZJUU;Valid;1
163;P0U08I42;Valid;1
164;P0UOWRRE;Valid;1
165;P0U9GVYD;Valid;1
166;P0UX13PC;Valid;1
167;P0URUCOE;Valid;1
168;P0UFL0VJ;Valid;1
169;P0UOQCQP;Valid;1
170;P0U9JGSM;Valid;1
171;P0USOJCX;Valid;1
172;P0UNT6PV;Valid;1
173;P0UNCDFF;Valid;1
174;P0U2JEBY;Valid;1
175;P0U5S30S;Valid;1
176;P0UCWLKY;Valid;1
177;P0UONH6F;Valid;1
178;P0UOVT1E;Valid;1
179;P0ULA38K;Valid;1
180;P0UI9GPN;Valid;1
181;P0UL0USE;Valid;1
182;P0U7B3ZI;Valid;1
183;P0U8Q1OI;Valid;1
184;P0UVTQX2;Valid;1
185;P0UCFDBT;Valid;1
186;P0U9IM7R;Valid;1
187;P0UI5CE9;Valid;1
188;P0U540IX;Valid;1
189;P0UW9PC6;Valid;1
190;P0UFIVNT;Valid;1
191;P0U8T92O;Valid;1
192;P0U2UQBB;Valid;1
193;P0UNONWG;Valid;1
194;P0UPF9JC;Valid;1
195;P0U3ZJ36;Valid;1
196;P0U0JQ78;Valid;1
197;P0US6UP4;Valid;1
198;P0U17F2X;Valid;1
199;P0U7522R;Valid;1
200;P0U1UFLQ;Valid;1
201;P0U76N9S;Valid;1
202;P0U0Q3LC;Valid;1
203;P0U6U642;Valid;1
204;P0U8B4IJ;Valid;1
205;P0UB70JT;Valid;1
206;P0UMHHEV;Valid;1
207;P0UV5DHW;Valid;1
208;P0UQK5L0;Valid;1
209;P0UO34VM;Valid;1
210;P0UVXUC5;Valid;1
211;P0UCFLPP;Valid;1
212;P0U5C7IB;Valid;1
213;P0U3BEYJ;Valid;1
214;P0U5HISW;Valid;1
215;P0UVD8NM;Valid;1
216;P0UB7RO8;Valid;1
217;P0UJTB4Q;Valid;1
218;P0UTNF1H;Valid;1
219;P0UHLP1E;Valid;1
220;P0UP4U2K;Valid;1
221;P0UCWSYM;Valid;1
222;P0UWF7N4;Valid;1
223;P0UFRB15;Valid;1
224;P0UKPSAX;Valid;1
225;P0U0D3B9;Valid;1
226;P0U0YYGG;Valid;1
227;P0U9Z6EF;Valid;1
228;P0UJBL7I;Valid;1
229;P0UZ4D44;Valid;1
230;P0UHDWCW;Valid;1
231;P0UQ8GKV;Valid;1
232;P0UILDA9;Valid;1
233;P0U1PQQ5;Valid;1
234;P0UOZNNI;Valid;1
235;P0UIC34L;Valid;1
236;P0UP0ZR5;Valid;1
237;P0UMF7S3;Valid;1
238;P0UWM9NK;Valid;1
239;P0UH27E7;Valid;1
240;P0UW72LT;Valid;1
241;P0U4F3PT;Valid;1
242;P0UCC50A;Valid;1
243;P0UX9ENR;Valid;1
244;P0U7G4XI;Valid;1
245;P0UB7RYC;Valid;1
246;P0UA9H7Q;Valid;1
247;P0UGK25J;Valid;1
248;P0UM65OV;Valid;1
249;P0UG8JAL;Valid;1
250;P0UVNX1Z;Valid;1
251;P0UGCIH0;Valid;1
252;P0UGX7JJ;Valid;1
253;P0U22OFU;Valid;1
254;P0UEJ5YQ;Valid;1
255;P0UUIAJ9;Valid;1
256;P0UB5CZJ;Valid;1
257;P0U7BVR6;Valid;1
258;P0UQ44CU;Valid;1
259;P0US3P0F;Valid;1
260;P0UYY1R0;Valid;1
261;P0U5GXJ6;Valid;1
262;P0U1ODWD;Valid;1
263;P0UYLDWT;Valid;1
264;P0UU58HF;Valid;1
265;P0UZ4L53;Valid;1
266;P0UNVNSR;Valid;1
267;P0UV2LJ6;Valid;1
268;P0UJFFIG;Valid;1
269;P0US9OKY;Valid;1
270;P0UIYLB9;Valid;1
271;P0UJY0NN;Valid;1
272;P0UQZJ63;Valid;1
273;P0UQEHI0;Valid;1
274;P0UALZKL;Valid;1
275;P0UFLR8B;Valid;1
276;P0U2CWY3;Valid;1
277;P0UO2G8L;Valid;1
278;P0UCKXF6;Valid;1
279;P0UFP8Q0;Valid;1
280;P0UP2ZHF;Valid;1
281;P0UX02UN;Valid;1
282;P0UJ2IZV;Valid;1
283;P0UG94XC;Valid;1
284;P0UQDX3Q;Valid;1
285;P0UATW6L;Valid;1
286;P0UKWNTW;Valid;1
287;P0UXFY82;Valid;1
288;P0U8FK1J;Valid;1
289;P0U9957G;Valid;1
290;P0U8E318;Valid;1
291;P0UQ7GRN;Valid;1
292;P0UVBM1C;Valid;1
293;P0UIC5H2;Valid;1
294;P0U03RYJ;Valid;1
295;P0UCMIPL;Valid;1
296;P0UXP5QQ;Valid;1
297;P0UWY0BT;Valid;1
298;P0UBVGRQ;Valid;1
299;P0U0V2K7;Valid;1
300;P0U5L6SH;Valid;1
301;P0U6R0B9;Valid;1
302;P0U5KHPY;Valid;1
303;P0UK9GXB;Valid;1
304;P0U6BRQD;Valid;1
305;P0UDNB90;Valid;1
306;P0UUAW1N;Valid;1
307;P0UUFYHV;Valid;1
308;P0U5T9NW;Valid;1
309;P0UE1Z64;Valid;1
310;P0UXJQVC;Valid;1
311;P0UE9J6U;Valid;1
312;P0UH6HLB;Valid;1
313;P0UQLWN8;Valid;1
314;P0U1CMNU;Valid;1
315;P0UI8PK8;Valid;1
316;P0UZ8RL3;Valid;1
317;P0UCDZHN;Valid;1
318;P0U2HMKR;Valid;1
319;P0U9X4QL;Valid;1
320;P0U6VLTA;Valid;1
321;P0U6QUFG;Valid;1
322;P0UVC087;Valid;1
323;P0U59N5N;Valid;1
324;P0UQ54WO;Valid;1
325;P0UEYEAK;Valid;1
326;P0UVMYTK;Valid;1
327;P0UHPPN0;Valid;1
328;P0UMM0KJ;Valid;1
329;P0UIXS8Q;Valid;1
330;P0UULGD4;Valid;1
331;P0UQQMB9;Valid;1
332;P0UVJQM5;Valid;1
333;P0UZ6HEQ;Valid;1
334;P0UEFR5Y;Valid;1
335;P0U2BIV0;Valid;1
336;P0U3GVX8;Valid;1
337;P0USSOR4;Valid;1
338;P0U7W9F7;Valid;1
339;P0U8N0OY;Valid;1
340;P0UUNR1Y;Valid;1
341;P0USAX6L;Valid;1
342;P0UQ7SQG;Valid;1
343;P0UUIS1B;Valid;1
344;P0UTQSJX;Valid;1
345;P0ULW4MJ;Valid;1
346;P0UE4MUJ;Valid;1
347;P0UO7LIC;Valid;1
348;P0UK9B8G;Valid;1
349;P0UHWGWS;Valid;1
350;P0UIEYFF;Valid;1
351;P0UAGIRX;Valid;1
352;P0U1QL10;Valid;1
353;P0UQG3GF;Valid;1
354;P0UWI4RD;Valid;1
355;P0UZ4MGZ;Valid;1
356;P0UX74I7;Valid;1
357;P0U4EDCI;Valid;1
358;P0UICVRK;Valid;1
359;P0UVAQCT;Valid;1
360;P0UU7RI0;Valid;1
361;P0ULQ8P2;Valid;1
362;P0UEI3CI;Valid;1
363;P0UBIOZV;Valid;1
364;P0U73W10;Valid;1
365;P0UJLV99;Valid;1
366;P0UZMESD;Valid;1
367;P0UKM85H;Valid;1
368;P0UCN29X;Valid;1
369;P0URJI11;Valid;1
370;P0UFZFJR;Valid;1
371;P0UL6YX5;Valid;1
372;P0ULM644;Valid;1
373;P0U5ZSNX;Valid;1
374;P0UDI2CN;Valid;1
375;P0UBZRZQ;Valid;1
376;P0UO32UN;Valid;1
377;P0UDUPNW;Valid;1
378;P0UVTYCL;Valid;1
379;P0UY14XC;Valid;1
380;P0UY79WT;Valid;1
381;P0U2IVRS;Valid;1
382;P0UNMKP5;Valid;1
383;P0UNDXX3;Valid;1
384;P0UPBQ3U;Valid;1
385;P0US5S6N;Valid;1
386;P0UFEZEI;Valid;1
387;P0UDPNW5;Valid;1
388;P0UU90UP;Valid;1
389;P0UVWI5N;Valid;1
390;P0UTAF4Q;Valid;1
391;P0U3QCIB;Valid;1
392;P0UJNT4C;Valid;1
393;P0UZYIQ2;Valid;1
394;P0U57QJM;Valid;1
395;P0U25GPL;Valid;1
396;P0UGXA2S;Valid;1
397;P0U58Y9G;Valid;1
398;P0UJ591C;Valid;1
399;P0UMIBD2;Valid;1
400;P0UY7E7Y;Valid;1
