1;P0UZTUKK;Valid;1
2;P0U2A24Z;Valid;1
3;P0UBO63N;Valid;1
4;P0U96C9N;Valid;1
5;P0US2BVQ;Valid;1
6;P0UKWXJK;Valid;1
7;P0U44V07;Valid;1
8;P0UIZ0IT;Valid;1
9;P0UD0YAU;Valid;1
10;P0UDD3KB;Valid;1
11;P0UKNK90;Valid;1
12;P0UOKFFX;Valid;1
13;P0UOOZLW;Valid;1
14;P0UHGVCQ;Valid;1
15;P0U7J3NK;Valid;1
16;P0U8WWPD;Valid;1
17;P0UUZ75A;Valid;1
18;P0UT7PYS;Valid;1
19;P0USQMOJ;Valid;1
20;P0UCI0CO;Valid;1
21;P0UNRFRJ;Valid;1
22;P0UWTF8X;Valid;1
23;P0USOD3Q;Valid;1
24;P0U2V4AH;Valid;1
25;P0UCDLEA;Valid;1
26;P0UTXT4C;Valid;1
27;P0UGYQMF;Valid;1
28;P0UZ8TD2;Valid;1
29;P0UOQRHL;Valid;1
30;P0UDVG8D;Valid;1
31;P0UPJ62J;Valid;1
32;P0UYJDBL;Valid;1
33;P0U3KIRJ;Valid;1
34;P0UMBRH6;Valid;1
35;P0UV28LT;Valid;1
36;P0UCWO9E;Valid;1
37;P0U8WMFR;Valid;1
38;P0UH0EBM;Valid;1
39;P0UT8TO5;Valid;1
40;P0U4YZ0M;Valid;1
41;P0UROZGP;Valid;1
42;P0UT4TPS;Valid;1
43;P0UIWRY6;Valid;1
44;P0UNKKFT;Valid;1
45;P0UIVN6R;Valid;1
46;P0UGY1W3;Valid;1
47;P0UF4H9C;Valid;1
48;P0UC3NQE;Valid;1
49;P0UEGBZT;Valid;1
50;P0UUHQ12;Valid;1
51;P0UO71DW;Valid;1
52;P0UZAPOJ;Valid;1
53;P0U03ZP1;Valid;1
54;P0UJMP9E;Valid;1
55;P0UXMDGC;Valid;1
56;P0UP9TR0;Valid;1
57;P0UHNOKS;Valid;1
58;P0UES9U7;Valid;1
59;P0UXPYC2;Valid;1
60;P0UZRFIL;Valid;1
61;P0U3BS23;Valid;1
62;P0UL03Y7;Valid;1
63;P0U6OE93;Valid;1
64;P0UZOAGF;Valid;1
65;P0USODJX;Valid;1
66;P0U5RG7N;Valid;1
67;P0UL2HQI;Valid;1
68;P0U6VNO5;Valid;1
69;P0UV8SL6;Valid;1
70;P0UJJGMA;Valid;1
71;P0U15KZO;Valid;1
72;P0U41PCO;Valid;1
73;P0UMZL3F;Valid;1
74;P0UV9I8E;Valid;1
75;P0U0WV7U;Valid;1
76;P0UI5CP2;Valid;1
77;P0UINOSJ;Valid;1
78;P0UUHC7E;Valid;1
79;P0UX7I95;Valid;1
80;P0UPR25N;Valid;1
81;P0UHLOFW;Valid;1
82;P0UDHYSG;Valid;1
83;P0U0QAPK;Valid;1
84;P0U274GD;Valid;1
85;P0UAFNG0;Valid;1
86;P0U6U1FJ;Valid;1
87;P0UB433L;Valid;1
88;P0UQT3UH;Valid;1
89;P0UHNUMT;Valid;1
90;P0UPUBTH;Valid;1
91;P0U9805O;Valid;1
92;P0U30JGZ;Valid;1
93;P0UAMYDD;Valid;1
94;P0UKOULK;Valid;1
95;P0U4LNO5;Valid;1
96;P0UO1XO9;Valid;1
97;P0UXSIU1;Valid;1
98;P0UQ7KY7;Valid;1
99;P0UKNAK0;Valid;1
100;P0U2UVJS;Valid;1
