1;B4C2A7CC
2;B4C2A7JI
3;B4CPF03B
4;B4C7P1VJ
5;B4CO26UO
6;B4CR6M9J
7;B4CM9PJS
8;B4CHX4GL
9;B4CMC7DJ
10;B4CVURBZ
11;B4CGF8X1
12;B4CRBIY6
13;B4CWWJ05
14;B4CQPXVG
15;B4C11WSY
16;B4CL9QFG
17;B4CUHMTH
18;B4CWT7SY
19;B4CUNTOJ
20;B4CDK4H4
21;B4CWQ1DN
22;B4C2KI4B
23;B4C47KQV
24;B4C59NJY
25;B4CEBCKT
26;B4CIMFCR
27;B4CMETMI
28;B4CK70LI
29;B4CXAVUQ
30;B4CTSQ0T
31;B4CA1EO1
32;B4CAN2TE
33;B4CQUO8E
34;B4CQIHQL
35;B4CI2HAR
36;B4CCMYV4
37;B4CC3204
38;B4C9C85X
39;B4C76ZJ7
40;B4CYFR22
41;B4CN7WGK
42;B4C1UKK0
43;B4CNL02U
44;B4CMR6VQ
45;B4C1UQLE
46;B4C1N3OD
47;B4C55689
48;B4C8Y35G
49;B4CSWONS
50;B4CFQYOK
51;B4C7A4GH
52;B4CN0DMW
53;B4CY7TPJ
54;B4CS4OE5
55;B4CMWL2H
56;B4CMRTQ8
57;B4C5MQ05
58;B4CDI8UT
59;B4CLW1U6
60;B4CM5510
61;B4CQUESA
62;B4CUKZVY
63;B4CW0EI4
64;B4C3XBS7
65;B4CGH7GN
66;B4C35S5C
67;B4CHEPVG
68;B4C35FH4
69;B4CZF92Q
70;B4CDT50V
71;B4CDGCKT
72;B4CYNGT6
73;B4CVM3G4
74;B4CWULDZ
75;B4CRDTWR
76;B4CGGDET
77;B4CWRBZS
78;B4C65USP
79;B4C8LN40
80;B4CVOJLB
81;B4CCOX87
82;B4C3JEUM
83;B4CDKNLM
84;B4CM4GJI
85;B4CUFD1P
86;B4CYN20G
87;B4CP5BMJ
88;B4C2UJLS
89;B4C6CAR0
90;B4C2CBJM
91;B4CODKBB
92;B4CBCBPD
93;B4CMC0XK
94;B4C130M1
95;B4CXHPMN
96;B4CTKRHY
97;B4CER2SS
98;B4C23FUC
99;B4C1AJT0
100;B4CMC140
101;B4C95MGQ
102;B4CO17AE
103;B4C4GY45
104;B4C9A8O9
105;B4CH836R
106;B4CKR6ZQ
107;B4C6HJIO
108;B4CLJNW7
109;B4C9M8PG
110;B4CRI3TH
111;B4C7NK2F
112;B4CE58RC
113;B4CPCRA9
114;B4CV4SFO
115;B4CU074V
116;B4CL9VPP
117;B4C7KKLB
118;B4C2LGCE
119;B4CA7U1F
120;B4C57TZY
121;B4CNXDUW
122;B4CG34KN
123;B4C0K53X
124;B4CY3C5O
125;B4C0UEJO
126;B4CWQD42
127;B4CBZHJ1
128;B4CB8EU2
129;B4CP8O3G
130;B4CO9N34
131;B4CIIN75
132;B4CBG76G
133;B4CT75S9
134;B4CPB4UI
135;B4C0DXPH
136;B4CKZ1KK
137;B4CMGCB0
138;B4C2HGGY
139;B4C0R3WG
140;B4CA7KSL
141;B4CMIB1K
142;B4CB0IFR
143;B4CXM1K5
144;B4CKW3IT
145;B4C1FKOO
146;B4CUCEK0
147;B4CZ7A24
148;B4CUU7HA
149;B4CMLCQI
150;B4CMDMBZ
151;B4C0BCQL
152;B4COEPTZ
153;B4CQYFBO
154;B4CQJR3G
155;B4CQCB5V
156;B4CSERMW
157;B4CBDPWS
158;B4C2X413
159;B4CWZXTM
160;B4CCI0RP
161;B4CJBH1B
162;B4C1JPY5
163;B4CFTPYY
164;B4CFLH1D
165;B4CBONBE
166;B4CZ6QMA
167;B4CRJHWB
168;B4CRDYCE
169;B4CGVAR8
170;B4CCYT29
171;B4CGX453
172;B4CUIMIU
173;B4CQGK89
174;B4CDRYAK
175;B4CDR88R
176;B4C6N8TZ
177;B4CEGR64
178;B4C37IGV
179;B4C94OF8
180;B4CM3WB2
181;B4CUJLPG
182;B4C8CET8
183;B4CIUZBG
184;B4CG6828
185;B4CLXUX9
186;B4CUQN9L
187;B4CIETI4
188;B4C5I4MV
189;B4CGZ403
190;B4CX38Z6
191;B4CNU6XW
192;B4CO6E68
193;B4C2OWFZ
194;B4C5VXNZ
195;B4C42C8L
196;B4C8XH5V
197;B4CFL4BE
198;B4C1WT9P
199;B4CI9R92
200;B4CK62Y2
201;B4C52A9B
202;B4CI3JT5
203;B4C7T97C
204;B4CJOCFQ
205;B4C0GTLN
206;B4CHE83X
207;B4CED0GQ
208;B4CX4LI6
209;B4C3ZRH8
210;B4CJHF94
211;B4CYS1A6
212;B4C82JKQ
213;B4CIG9SB
214;B4CCZIH4
215;B4CY1W0D
216;B4C94DIV
217;B4CCE2G0
218;B4CVH17L
219;B4C1KA9G
220;B4C9KVJC
221;B4CANGYO
222;B4C5KIPA
223;B4CGRBG8
224;B4C4STWV
225;B4CDRB57
226;B4CZ6LA7
227;B4CYW0Y2
228;B4CYLNVP
229;B4CSZD3E
230;B4CC16EU
231;B4CEPV91
232;B4CSXAAS
233;B4CSHRJ7
234;B4CMPVZ4
235;B4CT8740
236;B4CMVAYZ
237;B4CUK1FZ
238;B4C6MZDV
239;B4CYPCVH
240;B4COUBJM
241;B4C5JYGM
242;B4CA7E3F
243;B4CK2WOS
244;B4CXYNN5
245;B4C0C5A8
246;B4CJNQ1P
247;B4CI4A6R
248;B4CTW869
249;B4C8XEPE
250;B4CSQ54X
251;B4CNLDDW
252;B4CEPMS5
253;B4CIGP0Q
254;B4C5URSJ
255;B4C84LWZ
256;B4CE3KXX
257;B4CP56TH
258;B4CM0Y3A
259;B4CG8385
260;B4CYSLOM
261;B4C4WEUI
262;B4CJUIPP
263;B4CC01EO
264;B4C8ER9V
265;B4CMO5GH
266;B4CMT4PP
267;B4CSUKYP
268;B4CF0ZIG
269;B4C4T2ZC
270;B4CWS5WE
271;B4CW3LZE
272;B4C8JDSM
273;B4CRMRU1
274;B4CD8P3F
275;B4CIM2L2
276;B4C2YRZ2
277;B4CQ09FC
278;B4CBRW23
279;B4C4F9I3
280;B4C18SWM
281;B4CAZDGA
282;B4CNEB68
283;B4CTBQXA
284;B4CV3VRY
285;B4CQFQEF
286;B4CIAQXW
287;B4CU36TM
288;B4CCMO5P
289;B4C7BSCM
290;B4C55B5S
291;B4CXRF2S
292;B4CHMSWG
293;B4CYB2YX
294;B4C4TOVB
295;B4C06CAG
296;B4CL9GQM
297;B4CQ8SQW
298;B4CM0J4H
299;B4CIJ3QK
300;B4C7YYHV
301;B4CQ9TKX
302;B4C0CEAL
303;B4C6Q8BV
304;B4C0WS7H
305;B4C4SKG2
306;B4CSENGL
307;B4C6C34U
308;B4CS7FZ9
309;B4CM9FKT
310;B4C0QR98
311;B4CK9YTN
312;B4CJO5MA
313;B4CQ5BHM
314;B4CIDTFW
315;B4CWG1YL
316;B4CZV7VN
317;B4COKHPX
318;B4CRA9QF
319;B4C9Z4PJ
320;B4CP67FH
321;B4CYUNH8
322;B4CHNXL9
323;B4CTB1GX
324;B4CTAR1Y
325;B4C2B0NS
326;B4CJDFHQ
327;B4C2PZFQ
328;B4CP1FNA
329;B4CBL572
330;B4CLZFCZ
331;B4CC3BHR
332;B4C85QB2
333;B4CEV9FU
334;B4CTOL8H
335;B4CNZBFB
336;B4CNIMLG
337;B4CCKT2D
338;B4CLQJCG
339;B4CWYN73
340;B4CIT52H
341;B4CK0MXU
342;B4CUX597
343;B4CVULNY
344;B4C8Z99J
345;B4CRVNK1
346;B4CDJW7K
347;B4CCTWGN
348;B4CZ82IZ
349;B4CYXTGC
350;B4CGA2X6
351;B4CA6N66
352;B4CAA4PH
353;B4C795ZX
354;B4CQR5O7
355;B4CJOHIH
356;B4C9X3DW
357;B4CZXX00
358;B4CEVJ0Z
359;B4CL75CW
360;B4CDHPX7
361;B4CJDKLL
362;B4CMU3LP
363;B4CQ8Z07
364;B4CRXUDQ
365;B4CPP9VB
366;B4C28GB3
367;B4C053T7
368;B4C54VZU
369;B4CMHVEM
370;B4CS3LWK
371;B4C79FXM
372;B4CH1FKK
373;B4C9FQTK
374;B4CNTPPY
375;B4CXIAJC
376;B4CTR7NM
377;B4CGSTH6
378;B4CAUWHQ
379;B4CJ71HF
380;B4C7A14Q
381;B4C9IOXV
382;B4C4OX54
383;B4CXSWMT
384;B4CVPGW3
385;B4C23MMF
386;B4CWB5I4
387;B4CHLH8A
388;B4C2P0F4
389;B4CI6Y1I
390;B4C9QTU4
391;B4CUUXLD
392;B4CD9BHK
393;B4CJ3JP9
394;B4COSQ17
395;B4C3RP3Q
396;B4C6JT3Q
397;B4CDTO7G
398;B4CGBS0D
399;B4CWDN1S
400;B4CI9L9X
401;B4C337AH
402;B4CGC5AG
403;B4CDZ3CG
404;B4CYWVZA
405;B4C0QOH5
406;B4C6RCAM
407;B4CLI810
408;B4C5NYRU
409;B4C2D71O
410;B4CA73JX
411;B4CVB23R
412;B4CT8M1O
413;B4C7EYEO
414;B4C8VNYA
415;B4C393OZ
416;B4C92AWG
417;B4CNTK9C
418;B4C2009L
419;B4C2VOLB
420;B4CHRTJA
421;B4C8208N
422;B4CKD1V3
423;B4CO1IOK
424;B4CGYA6P
425;B4CG7ECK
426;B4CUQPQZ
427;B4CRG7XD
428;B4CM47UT
429;B4C19HMF
430;B4CNFDPG
431;B4CI37KM
432;B4CJNT8Y
433;B4CWU5IM
434;B4CKFENN
435;B4CXZ8GE
436;B4C8NYNF
437;B4CB9B0N
438;B4CX8TO7
439;B4CT5IL4
440;B4CXCMIH
441;B4CM76Y0
442;B4CDFOHO
443;B4CS1L9M
444;B4C87EPL
445;B4CFLJ6V
446;B4CD026R
447;B4CLR0V3
448;B4C6XNMY
449;B4C81DJC
450;B4C6HR25
451;B4CNAPOG
452;B4CW0B6B
453;B4CRMQ5V
454;B4CX7X1Z
455;B4C1X35W
456;B4CEANXW
457;B4CHALAA
458;B4C5JAXL
459;B4C951WY
460;B4CHRH3R
461;B4CAYLHD
462;B4C5Y1AC
463;B4CXGU12
464;B4C1YKV9
465;B4C8D4VO
466;B4C8AQ6O
467;B4C81JAF
468;B4CKF92R
469;B4C2WLED
470;B4CHIVHO
471;B4CHNCT0
472;B4CZI8RT
473;B4CDP63J
474;B4CLJ2HJ
475;B4CO3E1W
476;B4CLCVK0
477;B4CN5DFM
478;B4C20UAK
479;B4CEMOPF
480;B4CE3KYU
481;B4CT9ED4
482;B4CAWZ2A
483;B4CPM0IL
484;B4CHC0MW
485;B4CUXA2C
486;B4CULCXT
487;B4CQVQHR
488;B4C1XFNF
489;B4CRWIA3
490;B4CJ6QRK
491;B4CVIWZD
492;B4CZO96D
493;B4CV2V2H
494;B4CFAGO3
495;B4C5VRVG
496;B4CQUV53
497;B4C77J4A
498;B4CCREY4
499;B4CMTPVE
500;B4C0D8H3
501;B4C5UE7D
502;B4CD4CE6
503;B4CIDV87
504;B4C4RPF5
505;B4CFJK67
506;B4CZEEO1
507;B4CX02FH
508;B4CBTKZH
509;B4CI1BL5
510;B4CTAV4P
511;B4CG5FQI
512;B4CR42TE
513;B4COZ4G9
514;B4CHF6FK
515;B4CMMY5N
516;B4CL87EU
517;B4C31T08
518;B4CTZ20N
519;B4CR7OAK
520;B4C3GO0K
521;B4CFJJ6I
522;B4C7GCEF
523;B4C4FH9L
524;B4CG21IE
525;B4CEI9LW
526;B4C2THIN
527;B4CZI6OA
528;B4CGYRUO
529;B4CZRU15
530;B4C4SM8E
531;B4CM9C00
532;B4CLOGG4
533;B4C72NWU
534;B4C5EY3L
535;B4CSK0A8
536;B4C2R8GO
537;B4CZ6UZU
538;B4CLV30N
539;B4CYC9JA
540;B4CLT1D2
541;B4CNBCUH
542;B4C7PV79
543;B4CLIPGP
544;B4C2O55X
545;B4CYSUMF
546;B4CRYJBI
547;B4CS6GKI
548;B4CHYMWX
549;B4C5U02L
550;B4CFSSNH
551;B4C1322O
552;B4CCLENM
553;B4CNR5NA
554;B4C1DDYQ
555;B4CANFOH
556;B4C6YAJN
557;B4CJELER
558;B4CK1WH5
559;B4CEQ4YY
560;B4CYXAXE
561;B4CROEEU
562;B4CF0R35
563;B4CK25HW
564;B4CUGHBO
565;B4CWJ0TY
566;B4C9SI54
567;B4C9HMMS
568;B4CL7POS
569;B4C75CC7
570;B4CEXACZ
571;B4C65LC9
572;B4CRGQ7O
573;B4CP2AJW
574;B4CPZN77
575;B4CR5NFF
576;B4CZHTRN
577;B4CR83NC
578;B4C6DGWN
579;B4CMWFT5
580;B4CFS4HY
581;B4CNIHOO
582;B4C8DDTD
583;B4CEUZBK
584;B4CMZOPU
585;B4CL4NK3
586;B4C3T5MZ
587;B4CVXDCX
588;B4CCLMOW
589;B4CYQVR9
590;B4CG8G9I
591;B4CAST0U
592;B4C3FGCH
593;B4CNGNZ5
594;B4CD52OS
595;B4CVYPK8
596;B4CBVTHL
597;B4CWD49T
598;B4C0OT0M
599;B4CRG7PC
600;B4CJO84P
601;B4C7XI1U
602;B4CIGE5I
603;B4CZESV8
604;B4C3WBQ9
605;B4CD04WH
606;B4CWHYTJ
607;B4CU7E64
608;B4CE58NX
609;B4CAQ7AM
610;B4COM7CI
611;B4CIPJYD
612;B4CQU7MO
613;B4CB1FFM
614;B4CN7KCC
615;B4CSSNMM
616;B4CO0HEI
617;B4CF3JNI
618;B4CFNVJP
619;B4C04ZAW
620;B4CB6JAW
621;B4CAKXYH
622;B4CBUYEV
623;B4CJYF4D
624;B4CH5BX9
625;B4CUMYML
626;B4CZ9S8Z
627;B4CYUQJ5
628;B4C941EK
629;B4CVK4FM
630;B4CRIM50
631;B4C0P249
632;B4CNWTIP
633;B4C56PRH
634;B4CVCMQT
635;B4CSWH75
636;B4CSB9IF
637;B4CAYN8F
638;B4CAMLPE
639;B4CR1683
640;B4C3AAOZ
641;B4COXJCX
642;B4CEL1SN
643;B4CVCF16
644;B4CN0CNV
645;B4CSEZLL
646;B4CAL7XE
647;B4C589H8
648;B4CA3VKX
649;B4C077QA
650;B4C4TWVF
651;B4CUWXH9
652;B4CDQKSH
653;B4C8WQ9O
654;B4CMB8O9
655;B4C4I4ZX
656;B4C3OWMX
657;B4CGPR2W
658;B4CAJ9T7
659;B4C8FWEI
660;B4CYAKEF
661;B4CH67NJ
662;B4C8NPC2
663;B4CNKDBW
664;B4CQIIX5
665;B4C7BDDR
666;B4CLI0BE
667;B4CZFBAV
668;B4C9V1V3
669;B4C57WSV
670;B4CFSDIR
671;B4CFV24T
672;B4CQM4R4
673;B4C4AMKX
674;B4CB77DK
675;B4C5KQZE
676;B4CG971C
677;B4COP3HQ
678;B4CO2Y9M
679;B4CACVFS
680;B4C05V7D
681;B4CBZZL1
682;B4C48IRQ
683;B4C25U1V
684;B4CSI0ME
685;B4CCR5WX
686;B4CY3XOL
687;B4CURZHX
688;B4CKP8CT
689;B4CP0F2Q
690;B4CCWPNY
691;B4C3HT9B
692;B4CPK1YY
693;B4CC799O
694;B4C7HVMX
695;B4CTBCWQ
696;B4CJ6B77
697;B4CHXWNC
698;B4CNVM3S
699;B4C1SY9D
700;B4CNO99Y
701;B4CIYPWZ
702;B4CTF1VN
703;B4CP39CO
704;B4C9SOTL
705;B4COERS0
706;B4CHBZ0S
707;B4CO76XZ
708;B4CGW64V
709;B4CPYKB7
710;B4CCXPVZ
711;B4C8IP1Q
712;B4CD2I35
713;B4CO2CZD
714;B4CHQXD4
715;B4C9JDVQ
716;B4CTN56F
717;B4CE930F
718;B4CTGY31
719;B4COY05R
720;B4CRWAY8
721;B4COSFEQ
722;B4C50GWS
723;B4CWU62F
724;B4CS6XGX
725;B4C6N6E9
726;B4C7HWK2
727;B4CP84D5
728;B4CVHB87
729;B4C8JPCW
730;B4C4AY4I
731;B4C0Q33J
732;B4CDXD1U
733;B4C5BZTX
734;B4C1XCH4
735;B4CKUUH5
736;B4CBF3QP
737;B4CLQFQK
738;B4CWWRMV
739;B4CXYCUU
740;B4CXFUB9
741;B4CG6EE5
742;B4CTM8JK
743;B4CSYXRG
744;B4CDHU8G
745;B4CJUOO1
746;B4C0BHV3
747;B4CVY85P
748;B4CRBPSD
749;B4CZAFKC
750;B4CPW2JI
751;B4CIE2EV
752;B4CFX8EE
753;B4CKT4WJ
754;B4COJSO0
755;B4C60KVQ
756;B4CG5SA5
757;B4CJLVHC
758;B4CR1KVC
759;B4C7JS0I
760;B4CH7HWE
761;B4CIN802
762;B4CYQKL5
763;B4C53ARA
764;B4CMS1MI
765;B4CLBNTT
766;B4CIO5Y6
767;B4CVI43I
768;B4CR99GR
769;B4C1VZ9J
770;B4CMTPLC
771;B4C0PWTV
772;B4C6XS58
773;B4CNDG2P
774;B4CNK8VD
775;B4CWZN7D
776;B4C34VGN
777;B4C3XFIL
778;B4CHTGE8
779;B4CC61SO
780;B4CWMIYZ
781;B4CSZ64S
782;B4C9TYP5
783;B4C0DIWN
784;B4CCEYLM
785;B4CJXWCT
786;B4C3LY6V
787;B4C7IPQ7
788;B4C2P6VB
789;B4C740R7
790;B4CFHM6W
791;B4C7KL4B
792;B4C8WV85
793;B4CJUR6G
794;B4CA3PP5
795;B4C2JADH
796;B4CPDNGR
797;B4CMZM8U
798;B4CW56ZU
799;B4CJC4M0
800;B4CDTAT1
801;B4C3AV2T
802;B4COZ6CQ
803;B4C46KUY
804;B4CEMHUK
805;B4CWMOI3
806;B4CB7JJF
807;B4CHU2TV
808;B4C9JMQZ
809;B4CEUX8R
810;B4C6846Z
811;B4C2VDWL
812;B4CIS533
813;B4CFC46X
814;B4CUMI0W
815;B4CU5T5H
816;B4CB1KE8
817;B4CQL8G0
818;B4CBC0H6
819;B4CFD0NN
820;B4CS2KLA
821;B4CP50GW
822;B4CQBW5Q
823;B4CLMNFV
824;B4CR0IYN
825;B4CGMTUT
826;B4C38OL4
827;B4CDYQZ4
828;B4CXVUXD
829;B4CTBS97
830;B4COM787
831;B4CHM1NS
832;B4CWV9SQ
833;B4CXLGY3
834;B4C4BD2K
835;B4CU5XY1
836;B4CYMGX4
837;B4CVYX3E
838;B4CETY8S
839;B4CGVA8D
840;B4CNH7ZR
841;B4CP5NK7
842;B4CBCQ9Z
843;B4CDX2HB
844;B4CVW1HE
845;B4CLE7ZY
846;B4C6OHTT
847;B4C5Z6LT
848;B4C4F3RE
849;B4CADF4G
850;B4CFQYTO
851;B4CAMUP3
852;B4CZ9IWT
853;B4CTQRXM
854;B4C8W6DV
855;B4CBX4RO
856;B4CZYG59
857;B4CFIS4Q
858;B4CE3REI
859;B4CJ50JY
860;B4CIF4F4
861;B4CVC28X
862;B4CDM1A8
863;B4CLM1PH
864;B4C61409
865;B4CQ97QX
866;B4CXPNUD
867;B4CXDN7Z
868;B4C53ASL
869;B4C9D6ZT
870;B4CEX9HG
871;B4COBIWA
872;B4C4LI39
873;B4C50YDI
874;B4C16LTP
875;B4CQ4LKT
876;B4C07QNQ
877;B4CY7CW1
878;B4CMGM3Z
879;B4C28MV1
880;B4CI0JKI
881;B4CESZZ5
882;B4CGMDCW
883;B4C746WA
884;B4CWIK6P
885;B4C5YOEJ
886;B4CDN6MC
887;B4CAT5N3
888;B4CMMPL7
889;B4CL23NW
890;B4C9J9AX
891;B4CZRI61
892;B4CS8XDR
893;B4CF6CDA
894;B4CIHFVZ
895;B4CSM9BS
896;B4CWXW6S
897;B4COTF72
898;B4C630VP
899;B4CQPFKQ
900;B4C67GTT
901;B4CNW9LI
902;B4CVX64I
903;B4C4GVD1
904;B4CDIOVP
905;B4CUT0FF
906;B4CAIZ2P
907;B4CK7Q7X
908;B4C1QUZW
909;B4C5QH79
910;B4CTARNC
911;B4CH3DGI
912;B4CA7YQT
913;B4C7D0XW
914;B4CFXR7F
915;B4CIHT9A
916;B4CUZ0TQ
917;B4CAUW8S
918;B4CRYPH8
919;B4CEJVMG
920;B4CGXB0R
921;B4C5R2DX
922;B4COJDFV
923;B4C3O7S7
924;B4C2CX75
925;B4C5PJ3F
926;B4CMO8MH
927;B4CZWU13
928;B4CWAOBN
929;B4CVTL34
930;B4CVBHB2
931;B4COWV67
932;B4CB3JFJ
933;B4CQM35M
934;B4CB7JNX
935;B4CMLJ8Y
936;B4C9VPDG
937;B4CZB1GJ
938;B4C5D75H
939;B4C0W3DL
940;B4CBRUUN
941;B4CS4H4S
942;B4C0NM91
943;B4CDUMWO
944;B4C9UC6K
945;B4CUOPOE
946;B4CDLEIR
947;B4CNNHSX
948;B4C4T49N
949;B4CZECKJ
950;B4CX9LMG
951;B4CJDI8A
952;B4CAIA39
953;B4C685YJ
954;B4CPZGYW
955;B4C8OWIC
956;B4CI1K9Y
957;B4CN4JJG
958;B4CAJ57S
959;B4C2R1BR
960;B4CZPHP5
961;B4CHS56R
962;B4C2CMAZ
963;B4C6QOX9
964;B4CXW21L
965;B4C8ILWB
966;B4CA44SR
967;B4C5ZOXI
968;B4CHCNFR
969;B4CPBJBI
970;B4CLMH6M
971;B4C84B6Q
972;B4CJDAPR
973;B4CK09XT
974;B4CHW2GY
975;B4CMUHQY
976;B4C5XSQ3
977;B4CH8O3C
978;B4CBHKGF
979;B4C3CTK5
980;B4CW7MU0
981;B4CUNXSY
982;B4CDXKQ6
983;B4CMM7XX
984;B4CW3OVW
985;B4CVVQ9C
986;B4CDRS2H
987;B4CTJBDE
988;B4CIDEX2
989;B4CNBA3J
990;B4CZJY9W
991;B4CXHVS9
992;B4CWVB9H
993;B4CP0E0N
994;B4CR3W11
995;B4CKYHYS
996;B4C0THZP
997;B4CNNP7Q
998;B4CC5O93
999;B4CIWF25
1000;B4CVMIYV
1001;B4C7ABQ2
1002;B4CQ66BL
1003;B4CUJ4J8
1004;B4CWROW1
1005;B4C7APYI
1006;B4C2HRZ9
1007;B4C4C5GR
1008;B4CQ4AEM
1009;B4CAHLUD
1010;B4CAIK8Y
1011;B4C4BILR
1012;B4CK8D2C
1013;B4CKNJ77
1014;B4CMDFEA
1015;B4CKK2BT
1016;B4C28IL3
1017;B4CEB0ZZ
1018;B4CPSMU9
1019;B4CBZ5CA
1020;B4CBKZQ7
1021;B4CREOXV
1022;B4C92IFV
1023;B4CIBKXX
1024;B4CFF9R1
1025;B4CNRU6F
1026;B4C1EOLO
1027;B4CCEY0S
1028;B4CL1ERP
1029;B4CS1A92
1030;B4CYM2KU
1031;B4CQOY46
1032;B4C8ABV5
1033;B4CKUQHR
1034;B4CJWHRY
1035;B4CJZ4MZ
1036;B4CP3KV8
1037;B4C97QHZ
1038;B4CFRLHW
1039;B4CRLPNG
1040;B4CVYV2G
1041;B4CF4WS4
1042;B4CCLNXV
1043;B4C8E7XT
1044;B4CD4V9O
1045;B4CRE4ZC
1046;B4C02YCY
1047;B4C0H0XC
1048;B4CILT6Z
1049;B4CW36Z7
1050;B4CQY9HM
1051;B4C3VYIW
1052;B4C8RTZ5
1053;B4COEMFK
1054;B4CMGJEP
1055;B4CPKBA0
1056;B4CC209Z
1057;B4CITTLS
1058;B4CV878H
1059;B4CVTQV4
1060;B4C8LCQB
1061;B4C9OADE
1062;B4CP2XI5
1063;B4COJEM1
1064;B4C0353R
1065;B4CZF7EB
1066;B4C3QQN0
1067;B4CQ9XDW
1068;B4C9FG15
1069;B4CE1ARG
1070;B4C77ALX
1071;B4CHWDSH
1072;B4CA8LKW
1073;B4C2IXP9
1074;B4CHM5QQ
1075;B4CRCHL5
1076;B4CMYNU2
1077;B4C5YHIN
1078;B4CRAX75
1079;B4CNMZ0X
1080;B4C4XMGX
1081;B4CKNRZJ
1082;B4CI7Y78
1083;B4CJXGV5
1084;B4CG5F5O
1085;B4C1BZTS
1086;B4CN8UTG
1087;B4CFI8DL
1088;B4CGCEJP
1089;B4CEZSEC
1090;B4CBFO11
1091;B4CKZHUM
1092;B4CDRUBD
1093;B4CNNKUX
1094;B4C4Q7OY
1095;B4C8SX66
1096;B4CULXF4
1097;B4CNN38D
1098;B4CCK861
1099;B4CS30VX
1100;B4CS2XRJ
1101;B4CBT941
1102;B4CU5MZE
1103;B4C6KAG9
1104;B4CSHGW8
1105;B4C0A6CD
1106;B4CRI0T2
1107;B4C7X3ML
1108;B4CJY908
1109;B4CADN19
1110;B4CNJ5KV
1111;B4CLBCUY
1112;B4CKTYE7
1113;B4CILJTP
1114;B4C2D11H
1115;B4C3ZAHW
1116;B4CDRDKM
1117;B4CF8PEQ
1118;B4CUP8C6
1119;B4CKFFRC
1120;B4CJZQLG
1121;B4CIR5BS
1122;B4CFZI6R
1123;B4CTPU7A
1124;B4CENFXM
1125;B4CQZ3YU
1126;B4CN6JQC
1127;B4CAQO7X
1128;B4COITXD
1129;B4COZTQL
1130;B4CDC7EQ
1131;B4C70R4X
1132;B4CM2HH8
1133;B4COKGRU
1134;B4CYZFBB
1135;B4CQTM75
1136;B4C6GIWO
1137;B4CAYYH9
1138;B4C77CBC
1139;B4CVYM17
1140;B4CG07WZ
1141;B4CXMGS0
1142;B4CI9C87
1143;B4C1TJ9U
1144;B4CQXVV2
1145;B4CWGU8D
1146;B4CDGQ82
1147;B4C5R5D5
1148;B4C8W7PQ
1149;B4CM4PGI
1150;B4CQBEMT
1151;B4C2M5XY
1152;B4CCO0BH
1153;B4CZP96Q
1154;B4C7RXS0
1155;B4C2QIW1
1156;B4CIELYV
1157;B4C3OOZ0
1158;B4CXPSCD
1159;B4CSLUBR
1160;B4CLIREV
1161;B4C9ZTQM
1162;B4C9XXKZ
1163;B4C9L45T
1164;B4C1LNMY
1165;B4C5CX14
1166;B4C18G8Q
1167;B4C3ZHGJ
1168;B4C5RRJL
1169;B4C93QYG
1170;B4CTJND7
1171;B4C08SUR
1172;B4CM1Z66
1173;B4CNST5V
1174;B4CUQCP6
1175;B4CUEPYZ
1176;B4CCXDTS
1177;B4CWQ5Z7
1178;B4CIACVD
1179;B4C34MJO
1180;B4C9NCXS
1181;B4C81V9A
1182;B4CVH7BH
1183;B4CQCHFS
1184;B4CP21K3
1185;B4CYCJOV
1186;B4CON833
1187;B4COV43O
1188;B4C38XSW
1189;B4CDTA7C
1190;B4CGRQ61
1191;B4CNPK13
1192;B4CC7USX
1193;B4CG7HZ5
1194;B4CX0RSA
1195;B4CFUWZI
1196;B4C0TYJI
1197;B4CA6I7Y
1198;B4CL7GDO
1199;B4C5B4UW
1200;B4CJ30O8
1201;B4CA4XHO
1202;B4CNGG73
1203;B4CPG949
1204;B4CCE8FG
1205;B4C7VOA9
1206;B4C8GXQQ
1207;B4CYC1JT
1208;B4C7HI6P
1209;B4COZSXS
1210;B4CIT781
1211;B4CCQE3H
1212;B4CR7FNL
1213;B4CVZ439
1214;B4CRMD38
1215;B4CLVMTA
1216;B4CCP2BJ
1217;B4CM7FOU
1218;B4CWKM7O
1219;B4C3WAP7
1220;B4CA8WVG
1221;B4C0DUV0
1222;B4CRQ6TB
1223;B4CQCZU0
1224;B4CQ92ZR
1225;B4CJ48AR
1226;B4CI8W96
1227;B4C5TUNX
1228;B4CNXYOP
1229;B4CU25HJ
1230;B4C8B0E7
1231;B4CR5KUM
1232;B4C5239T
1233;B4CMMWVK
1234;B4CRV3VJ
1235;B4COGLUI
1236;B4CWJC6P
1237;B4C5WWLH
1238;B4C4SVY1
1239;B4C9YLIP
1240;B4C28BP2
1241;B4CDP8SU
1242;B4CEXHBI
1243;B4CBG6XG
1244;B4C3MYBV
1245;B4C03B8H
1246;B4CY4QKY
1247;B4CHIPLT
1248;B4C4ECE5
1249;B4C6SCXA
1250;B4CWGG9N
1251;B4COLQTG
1252;B4CHJ5LC
1253;B4CFE9B7
1254;B4CD3SZC
1255;B4CZR0CP
1256;B4CIBFXP
1257;B4CMAFE6
1258;B4CYPO35
1259;B4CQ0K9X
1260;B4CF26GB
1261;B4CG2O01
1262;B4CD1M19
1263;B4CWN314
1264;B4CPC64Q
1265;B4CC73XR
1266;B4C6OQL6
1267;B4CI2J5I
1268;B4CKMZQO
1269;B4C6XE0T
1270;B4C28X11
1271;B4CNIME4
1272;B4CPSSH5
1273;B4C5HSC1
1274;B4C8JKED
1275;B4CF3J8H
1276;B4CF7HAH
1277;B4C10FX9
1278;B4CZC2GU
1279;B4CCIWBT
1280;B4CPPZS6
1281;B4CMNM8W
1282;B4CO71FH
1283;B4CVQ3HE
1284;B4CXE2DC
1285;B4CIXCT8
1286;B4CS5HC4
1287;B4CA0K1V
1288;B4CH42HZ
1289;B4CV9I51
1290;B4CDNDGR
1291;B4COZRPH
1292;B4CXB494
1293;B4CR72RJ
1294;B4CMNCUX
1295;B4CG8QWP
1296;B4C2LL87
1297;B4CN0UDY
1298;B4CUSRJD
1299;B4COXPX5
1300;B4CMSLJ6
1301;B4CXZ5MC
1302;B4CL2XLR
1303;B4C3A0RC
1304;B4CYW1B8
1305;B4C5SZFY
1306;B4CYJOL5
1307;B4C3C7WI
1308;B4C4ZHZ5
1309;B4CSLBJL
1310;B4CDR4DU
1311;B4C37CHP
1312;B4CYBYCV
1313;B4C0CQAC
1314;B4CBNKWR
1315;B4C44ZPX
1316;B4CWW9L9
1317;B4C6Z4MJ
1318;B4CLCYJL
1319;B4CJ53F4
1320;B4CG7VKX
1321;B4CEJW9Y
1322;B4CQY9IJ
1323;B4CDR25F
1324;B4CDXBFT
1325;B4CFH7AA
1326;B4CIO7I9
1327;B4CB4RZX
1328;B4CXGEGH
1329;B4CNGN3R
1330;B4CW4ETT
1331;B4CJYRA0
1332;B4CB7R2X
1333;B4C54WX0
1334;B4CAPLBA
1335;B4CEJN4X
1336;B4CK6Z5K
1337;B4CH76RB
1338;B4CPV53C
1339;B4CN2R2E
1340;B4CE7JSN
1341;B4C05WAQ
1342;B4CMROZ1
1343;B4CKT9NU
1344;B4CNVCZK
1345;B4C8D3Z8
1346;B4CSRESY
1347;B4CPH5HX
1348;B4CO99OS
1349;B4C2ME1B
1350;B4CB428W
1351;B4COLV3U
1352;B4C6AZ4S
1353;B4CEOYIN
1354;B4C4ILF2
1355;B4C7C3IQ
1356;B4C41CHB
1357;B4C5ZY4D
1358;B4CJIXQ9
1359;B4CEJAU4
1360;B4C5MLQX
1361;B4CK9UPV
1362;B4CCJYMX
1363;B4CIVDAU
1364;B4CZZZKQ
1365;B4CC0PHP
1366;B4CMNRUM
1367;B4CKLXX7
1368;B4CB0QUI
1369;B4CF8Q7R
1370;B4CGE7YI
1371;B4CKZXO3
1372;B4CLX77S
1373;B4C4U4HU
1374;B4CBQJYC
1375;B4CQNOBN
1376;B4CK26NJ
1377;B4CLA238
1378;B4C7HRAN
1379;B4C6N5XB
1380;B4CKJK1T
1381;B4CSV7AP
1382;B4CFTH21
1383;B4CL17II
1384;B4CE1DZV
1385;B4C286QR
1386;B4CI0OCS
1387;B4CKKIX0
1388;B4CCQPRB
1389;B4CHPAI1
1390;B4CAID5Y
1391;B4CMUGZO
1392;B4CFQ9YQ
1393;B4CH6W6X
1394;B4C7YP4B
1395;B4C1H8WR
1396;B4CWBSKE
1397;B4CAKFKT
1398;B4C707US
1399;B4CGOAUK
1400;B4CZTADA
1401;B4C2D4EX
1402;B4C935F7
1403;B4C9WBUF
1404;B4CZFWHD
1405;B4CWUSE2
1406;B4CZ4IXX
1407;B4CG1V3K
1408;B4CGHE73
1409;B4CMM1AZ
1410;B4CHNYJC
1411;B4CTEO1Z
1412;B4CSZQ24
1413;B4C4QBQU
1414;B4CJX3NZ
1415;B4C7M69G
1416;B4CX355F
1417;B4CGNTOW
1418;B4CY3SEA
1419;B4CV62CX
1420;B4CF0YPN
1421;B4C7P4QB
1422;B4C94ACE
1423;B4CVAFY1
1424;B4CMFC20
1425;B4CMR75L
1426;B4CGCYEG
1427;B4CGKV8X
1428;B4CBDQGP
1429;B4CM1YGS
1430;B4CGYNZU
1431;B4CZ5VBG
1432;B4CDIPL8
1433;B4CI8P0I
1434;B4C5Q9NW
1435;B4C2MMKD
1436;B4CTR055
1437;B4CE4XBH
1438;B4C50BLR
1439;B4CP6XEY
1440;B4C6V5JE
1441;B4CEVFG8
1442;B4CR7AOL
1443;B4C5HERU
1444;B4CPOB5D
1445;B4CL0PMW
1446;B4C5SLPU
1447;B4CDQWU5
1448;B4CL48ES
1449;B4CSJE6S
1450;B4CHU8S3
1451;B4CJXAUN
1452;B4CLQKP2
1453;B4CVZ05F
1454;B4CXOF3M
1455;B4C37DAK
1456;B4CHDYWQ
1457;B4C4J4FI
1458;B4C9JXOW
1459;B4C9V379
1460;B4CIABLE
1461;B4CYM8FQ
1462;B4CZ4XWS
1463;B4C38UWA
1464;B4C911FJ
1465;B4C1AWI5
1466;B4C4CSR6
1467;B4CFWIUU
1468;B4CE6TJV
1469;B4C7ODIC
1470;B4C0MRJV
1471;B4CBC2U0
1472;B4CDTCLU
1473;B4C4LPCH
1474;B4C111VW
1475;B4CGQY9U
1476;B4CJUTPG
1477;B4CXGA93
1478;B4CQTUWN
1479;B4C2LMSX
1480;B4C5PPR7
1481;B4C9EBW3
1482;B4C6I9OP
1483;B4CZNXGB
1484;B4C6B66B
1485;B4C7LPYK
1486;B4CWOMYN
1487;B4C4SGHP
1488;B4CS94EH
1489;B4C343UC
1490;B4CHHY48
1491;B4CQ9FWM
1492;B4CT94GB
1493;B4CZF3RV
1494;B4CB6T0O
1495;B4CK7C5F
1496;B4CCX8SK
1497;B4CO35YG
1498;B4C8S3XI
1499;B4CSJKRP
1500;B4CZP25D
1501;B4CXK20R
1502;B4CYMNHA
1503;B4C0WDXU
1504;B4CYZ5AO
1505;B4CWB8QJ
1506;B4CA2EAS
1507;B4C9V2GT
1508;B4CLMR64
1509;B4CSEXVF
1510;B4CWGKUD
1511;B4C5IFO0
1512;B4CAMM4W
1513;B4CWRYPC
1514;B4CZY57O
1515;B4CL5M7V
1516;B4CD66G9
1517;B4CSKCGU
1518;B4CPHNMH
1519;B4CWDT4V
1520;B4CBNRIQ
1521;B4CPVH6R
1522;B4CA3ASU
1523;B4CEDMEY
1524;B4CGCLE7
1525;B4CCIHQA
1526;B4CYG4PI
1527;B4CGCJIA
1528;B4CJZDKK
1529;B4CO6SD5
1530;B4CHZEAI
1531;B4CIAIBW
1532;B4CWMHAE
1533;B4CBUUUX
1534;B4CQLQ34
1535;B4CE4287
1536;B4CM3HI7
1537;B4CXKDEY
1538;B4CL6R4U
1539;B4CVPAGQ
1540;B4C65PX5
1541;B4CT4LS8
1542;B4C63K84
1543;B4CIQJZJ
1544;B4CXG1A9
1545;B4CZ7QEC
1546;B4CZ57GK
1547;B4CS5Z37
1548;B4CIE72L
1549;B4CDX3YE
1550;B4CUI0R8
1551;B4CC9LNF
1552;B4CVA23T
1553;B4C7HR5D
1554;B4CN89YE
1555;B4CL5BO6
1556;B4CQTCTS
1557;B4COTCN7
1558;B4CGHIXC
1559;B4CLYLMB
1560;B4CJRHOT
1561;B4C620IT
1562;B4CYUZ2N
1563;B4C1YZJB
1564;B4CD1OES
1565;B4C1JPKY
1566;B4C51SX9
1567;B4CM897L
1568;B4C9OG6N
1569;B4CCWM6G
1570;B4C1ADFJ
1571;B4CR2B0G
1572;B4CHJ6EA
1573;B4CNK50I
1574;B4C14NNT
1575;B4C5K396
1576;B4CRVVAH
1577;B4CN62PN
1578;B4C7WNOU
1579;B4CZEP66
1580;B4CW9PB7
1581;B4CKPRPF
1582;B4CU691T
1583;B4CDNYPT
1584;B4C8TY1Y
1585;B4CMEAKW
1586;B4CLS3QE
1587;B4CR86R6
1588;B4CXRV7X
1589;B4COGJRO
1590;B4CBLWJ9
1591;B4CVCMYV
1592;B4C7ZL1M
1593;B4C09178
1594;B4CN07AH
1595;B4CPBMHU
1596;B4CQ37X9
1597;B4CMNIO1
1598;B4CN0NQT
1599;B4CWH4EJ
1600;B4CHI26B
1601;B4CCTBQN
1602;B4CJBHFF
1603;B4CBMUXX
1604;B4CV2NYD
1605;B4CZVGKI
1606;B4C2XJUL
1607;B4CUA71I
1608;B4CMJ0ZW
1609;B4C19BFZ
1610;B4CN7U14
1611;B4CJRGGQ
1612;B4CSTANQ
1613;B4C1XE13
1614;B4CAUD3C
1615;B4CUW4QF
1616;B4C4UI0I
1617;B4C77I9Y
1618;B4C7Q20C
1619;B4CBHRQT
1620;B4CCCQTE
1621;B4CZFZDZ
1622;B4C59186
1623;B4C0QU2D
1624;B4C6BD7W
1625;B4CM589J
1626;B4CZ556F
1627;B4C9YI8L
1628;B4CT96H0
1629;B4CUQ26T
1630;B4C40REF
1631;B4C97BDJ
1632;B4C2UWX9
1633;B4C86E03
1634;B4CX9HF1
1635;B4CMRP26
1636;B4CF1I2D
1637;B4CQY3FF
1638;B4CL81T2
1639;B4C9480R
1640;B4C9YWDZ
1641;B4CDV2LU
1642;B4CWZU1S
1643;B4CH0HI3
1644;B4CDMT5H
1645;B4CMYGIU
1646;B4CQ05CO
1647;B4CD4QPP
1648;B4C2DSX8
1649;B4CGYHPS
1650;B4CMNUK3
1651;B4C9QF8Y
1652;B4C0RLQ8
1653;B4CCRNL7
1654;B4CLGDG0
1655;B4CDAZ2X
1656;B4C1TT9K
1657;B4CWDEZC
1658;B4CA84LX
1659;B4C6S7PM
1660;B4C0BK0V
1661;B4C9UQUA
1662;B4C5SFPM
1663;B4C8EARJ
1664;B4CKJQKU
1665;B4C2QE5Y
1666;B4C2PWVN
1667;B4CYVW3F
1668;B4CO26W0
1669;B4CNLZ2D
1670;B4CAKR85
1671;B4CF9Q2E
1672;B4CHU00A
1673;B4CFVIKL
1674;B4CGVKU9
1675;B4C8RR9Y
1676;B4CBUYDU
1677;B4CGX03B
1678;B4CV18ZY
1679;B4CR7P0T
1680;B4CBGKFB
1681;B4CDCM99
1682;B4C4K1BT
1683;B4CV3HPE
1684;B4C6HA7I
1685;B4CKMKDB
1686;B4CURDOW
1687;B4CIOBJ2
1688;B4CY9P7W
1689;B4CHVZRF
1690;B4CZB9UA
1691;B4CSQQS4
1692;B4CMXO01
1693;B4CDZKFA
1694;B4CVC9UL
1695;B4C8RZ8L
1696;B4C6FAD5
1697;B4C4XS5M
1698;B4C1QR8Q
1699;B4C9HQEZ
1700;B4CDYCGA
1701;B4CA04DG
1702;B4CSNKO6
1703;B4CZKV92
1704;B4CXESXJ
1705;B4CT5K6W
1706;B4CM6A1Z
1707;B4CBGPA8
1708;B4CILPZ0
1709;B4CA5KDT
1710;B4C8GI9O
1711;B4C3RET7
1712;B4C818HX
1713;B4C2TSZ0
1714;B4C7YZ2Y
1715;B4CKJGQI
1716;B4CBMXX4
1717;B4CA8J6L
1718;B4CVY10P
1719;B4CE4RWS
1720;B4C74GRJ
1721;B4CFLANB
1722;B4CH97XE
1723;B4CFYPWS
1724;B4CK4BTR
1725;B4CRLALT
1726;B4C09BDO
1727;B4C2YFL2
1728;B4CW2X6Q
1729;B4CDNSFM
1730;B4CA7QJ7
1731;B4COTQGK
1732;B4C7UX1O
1733;B4C9D63Q
1734;B4C3QKRK
1735;B4CNRNQY
1736;B4CQ8W6G
1737;B4CKIFF0
1738;B4CTNMIX
1739;B4C2IU2K
1740;B4CLXZAX
1741;B4CNZ63D
1742;B4CNU7N0
1743;B4C3HVA1
1744;B4CVJ7XP
1745;B4CGA96D
1746;B4C9MCQF
1747;B4CL0VO2
1748;B4CE9GB3
1749;B4C2XEN3
1750;B4CLAFQ4
1751;B4CS9D2H
1752;B4CTYIS5
1753;B4CRDKUK
1754;B4C8RKV7
1755;B4CBMLEH
1756;B4CPUG7D
1757;B4CZ3PZW
1758;B4C9PVRC
1759;B4CFNPV5
1760;B4CZV2OC
1761;B4CXTQ7G
1762;B4C9SFUW
1763;B4CL1FO1
1764;B4CQOVSI
1765;B4CYBZR7
1766;B4CZ5X1S
1767;B4C9H4GH
1768;B4C1RYOM
1769;B4CQXGL0
1770;B4CF59EZ
1771;B4CO4OXT
1772;B4C9VPJZ
1773;B4C3XST1
1774;B4C4HDP4
1775;B4CK26LM
1776;B4CFLUIB
1777;B4CON9U4
1778;B4CPDTF4
1779;B4C9F9ZS
1780;B4C4BRLL
1781;B4CD7VHR
1782;B4CY3SMG
1783;B4CIQ7UE
1784;B4C2C81B
1785;B4CI65IO
1786;B4CJN4PI
1787;B4CRWZQZ
1788;B4CQ9ZMX
1789;B4CITJ0L
1790;B4CM31LY
1791;B4C8HRX4
1792;B4CKI4QL
1793;B4CSCWLO
1794;B4CBCK8R
1795;B4C07DF2
1796;B4COJ251
1797;B4C1HB6V
1798;B4CG4TX7
1799;B4CHE0BV
1800;B4CYMFBQ
1801;B4CCAUSD
1802;B4CUETO3
1803;B4CIBRBR
1804;B4C3GR1L
1805;B4C4BA0R
1806;B4CGM0YL
1807;B4CB3AMB
1808;B4C2PL1E
1809;B4CPS59Y
1810;B4CZX17V
1811;B4CQ752K
1812;B4C1YR3T
1813;B4CTDRBP
1814;B4CSJ9H8
1815;B4CA889U
1816;B4CZS10R
1817;B4CPU8S7
1818;B4CXPDGB
1819;B4C3WEA3
1820;B4CA0TGM
1821;B4CV8M3W
1822;B4CELXEY
1823;B4C55POA
1824;B4CSGF56
1825;B4CZ5JRU
1826;B4CVMQLP
1827;B4CYI36G
1828;B4CQFCAA
1829;B4CYBYUT
1830;B4CEXE46
1831;B4C9678F
1832;B4CPANTG
1833;B4CEJY77
1834;B4CI7ZF4
1835;B4CTDLM6
1836;B4CRO31X
1837;B4C9LF4N
1838;B4CML1X7
1839;B4C49AAC
1840;B4CWDW8L
1841;B4CKO4GI
1842;B4CG5L1P
1843;B4CFN104
1844;B4CT4DZY
1845;B4CVXUTX
1846;B4C22YTR
1847;B4CXDH42
1848;B4CUTA06
1849;B4CEC5UN
1850;B4CQP47I
1851;B4CGTCHH
1852;B4C2ZTXM
1853;B4CNPQ4V
1854;B4CGKRPP
1855;B4CZ8IZZ
1856;B4CS0ILO
1857;B4CJ2YVF
1858;B4CDEM4M
1859;B4CY7383
1860;B4CIDPJJ
1861;B4CA7OJ2
1862;B4CPWSZ5
1863;B4C8DU2D
1864;B4CFB41F
1865;B4CYI1X7
1866;B4CUBFMX
1867;B4CVFRAS
1868;B4CYMJS4
1869;B4C15YYQ
1870;B4CINQ68
1871;B4CP67IZ
1872;B4C564WL
1873;B4CB6IQ0
1874;B4CJP8XG
1875;B4CK1H28
1876;B4C8UHM4
1877;B4C59XMG
1878;B4CNS37J
1879;B4C8U3DC
1880;B4CPYHT4
1881;B4CLJ6TK
1882;B4CDEWWZ
1883;B4C0RCP2
1884;B4CMEXC2
1885;B4CDONYJ
1886;B4CN0O1M
1887;B4CJE0TE
1888;B4CSFPYT
1889;B4CH2F3Z
1890;B4C7HWPF
1891;B4CKBW2M
1892;B4CNF26V
1893;B4CJIAVM
1894;B4CBA77I
1895;B4C9RBQ3
1896;B4C085NA
1897;B4C27B7W
1898;B4C7KRCI
1899;B4CZMROG
1900;B4CCB2NB
1901;B4C1DOH1
1902;B4C12M76
1903;B4CXI17J
1904;B4CWLMU3
1905;B4CY6M6R
1906;B4COGKZ2
1907;B4CGG3SO
1908;B4CS8ZBF
1909;B4C2PREB
1910;B4CG5R3W
1911;B4CWBYXZ
1912;B4CSRZPA
1913;B4CBDKVI
1914;B4CAMGMN
1915;B4CQYYEI
1916;B4CPL3Z3
1917;B4CIJ5BY
1918;B4CYYTV6
1919;B4CLDY2W
1920;B4CVHFY0
1921;B4CV19I3
1922;B4CPM9H2
1923;B4C2332X
1924;B4CUL8GH
1925;B4CAQJIJ
1926;B4C3DQ7P
1927;B4C3YM6Q
1928;B4CDJ7IQ
1929;B4COE64X
1930;B4CZPOLQ
1931;B4CE459X
1932;B4CKQIVP
1933;B4CPPDDI
1934;B4C34SJC
1935;B4CJZT70
1936;B4CC7WVM
1937;B4CKKPWJ
1938;B4C8809E
1939;B4CC40W0
1940;B4C09TA4
1941;B4C8R5TJ
1942;B4CEA72A
1943;B4CTE7P9
1944;B4C9Q7QE
1945;B4CMQN7Y
1946;B4CU5EEE
1947;B4C7IPWP
1948;B4CYJ55U
1949;B4CNOZU4
1950;B4C9XCUN
1951;B4CXQMKP
1952;B4C914FL
1953;B4CPVND7
1954;B4CDN9FC
1955;B4CNM6MQ
1956;B4CQY6PI
1957;B4CZ894U
1958;B4CXFKI5
1959;B4CIMS9N
1960;B4CXSNDD
1961;B4CW4STP
1962;B4CNIUEI
1963;B4CF1DC1
1964;B4C0ZVQF
1965;B4CNJT9A
1966;B4CK4GQ0
1967;B4CA8LGH
1968;B4COHAPX
1969;B4C6B265
1970;B4CLOYND
1971;B4CI4LSQ
1972;B4C9WVU0
1973;B4C4RTH7
1974;B4CELHM3
1975;B4CQSSLF
1976;B4C7FHN1
1977;B4CJIOVH
1978;B4CHPF06
1979;B4CUL4PC
1980;B4C1AZ2J
1981;B4CBJY81
1982;B4CFHEEK
1983;B4CC8AB5
1984;B4C2H44J
1985;B4C1IZSV
1986;B4CKAKL9
1987;B4CP5N8U
1988;B4CZHS64
1989;B4C9D5BK
1990;B4CSRUQ7
1991;B4CBEUW6
1992;B4C3JW2W
1993;B4CR8JIU
1994;B4CLSVTQ
1995;B4CBJ3EF
1996;B4C42ZIM
1997;B4CE0SRD
1998;B4CEAQB0
1999;B4C1UFWF
2000;B4CZ206N
2001;B4CPAW12
2002;B4C8OCBX
2003;B4C0MMVX
2004;B4CEA2A3
2005;B4CB7M50
2006;B4CCATDP
2007;B4CE5TIS
2008;B4CTCB0V
2009;B4C4NY5L
2010;B4CK559U
2011;B4C2DP60
2012;B4CJWL1A
2013;B4C1IV3R
2014;B4CEW75A
2015;B4CKE17F
2016;B4CEGURP
2017;B4CVTGWN
2018;B4CPCW1N
2019;B4CHP462
2020;B4C99Z5F
2021;B4CJL1RQ
2022;B4CJNRC9
2023;B4CAXU2H
2024;B4CYAF0Z
2025;B4C0LNCU
2026;B4C7AFVB
2027;B4CEUPT1
2028;B4CQXSIH
2029;B4CGB4KS
2030;B4CIZSSS
2031;B4CGIBEF
2032;B4CGC61G
2033;B4CCFLOU
2034;B4CHZ39X
2035;B4CWTWKK
2036;B4CEF0UP
2037;B4CBCACS
2038;B4C6NCRK
2039;B4CL2ACM
2040;B4C034BK
2041;B4CB1Q3U
2042;B4CJ69CB
2043;B4C2Z2N8
2044;B4C8DTBA
2045;B4CAZI1D
2046;B4C3FTJ8
2047;B4CE1T3W
2048;B4CIGR9S
2049;B4C0QFW3
2050;B4C8LWPH
2051;B4C0K2W4
2052;B4C69OVN
2053;B4CECO6E
2054;B4C5CGWR
2055;B4C8XSJX
2056;B4CQLJV9
2057;B4CG7FG8
2058;B4CVT8K7
2059;B4CW3U2J
2060;B4CTQ7Y5
2061;B4CC3HDL
2062;B4CRFSQ8
2063;B4CEXAWP
2064;B4C9XF1Z
2065;B4C1MDB1
2066;B4CTDRGB
2067;B4CNUW9H
2068;B4CWBEVB
2069;B4CPQNTT
2070;B4CP18D3
2071;B4C69819
2072;B4CO38MS
2073;B4C9JAWQ
2074;B4CRLCNJ
2075;B4C5LMNZ
2076;B4CNRL0N
2077;B4CODMSU
2078;B4CDDG6Q
2079;B4CNNPWU
2080;B4CJ289F
2081;B4C965XN
2082;B4CGT9PN
2083;B4CBT1US
2084;B4CEJRPX
2085;B4CEZW5K
2086;B4CE72X4
2087;B4CTZPCR
2088;B4CLXQLB
2089;B4CDV51I
2090;B4C25TY9
2091;B4C5C1ER
2092;B4C1G38Q
2093;B4CLYQRR
2094;B4C3XVNY
2095;B4CNPDAL
2096;B4CIDGZW
2097;B4CSRJ25
2098;B4CLN5ZZ
2099;B4CTV7BE
2100;B4CJ1EK2
2101;B4CYQG7E
2102;B4CXMLPM
2103;B4CTCNEV
2104;B4C0W2Y7
2105;B4CV5YQT
2106;B4CP956D
2107;B4CKDZID
2108;B4CJ3U4J
2109;B4CP4ZZ9
2110;B4C710HB
2111;B4C4ZRKI
2112;B4CLPNMA
2113;B4CTZU6X
2114;B4CVTI32
2115;B4CXNIFX
2116;B4CL66VE
2117;B4C3WHCA
2118;B4CADQZP
2119;B4CYSOB0
2120;B4CNWC9X
2121;B4C1K370
2122;B4C41Y4C
2123;B4CDVQDH
2124;B4CZ4DGG
2125;B4CSDOFD
2126;B4CCS84G
2127;B4CYJMGC
2128;B4CE6NPU
2129;B4CPRD1P
2130;B4C9KRWT
2131;B4CP2A86
2132;B4C1J6A1
2133;B4CMPG5I
2134;B4CQQNBM
2135;B4CD2MFU
2136;B4C4524E
2137;B4CAOYQM
2138;B4CQU0WQ
2139;B4COFPO5
2140;B4CICF56
2141;B4CWKEBJ
2142;B4CFME5A
2143;B4CHOYY7
2144;B4CV1G41
2145;B4C26UPF
2146;B4CVDFRK
2147;B4CE83Z9
2148;B4CG4RO8
2149;B4CVK6FK
2150;B4CP9OJY
2151;B4CD1OEQ
2152;B4C4ZTKO
2153;B4CG7H41
2154;B4CFA0YF
2155;B4CWSJCH
2156;B4CERY3G
2157;B4CEQ22F
2158;B4CJ9XJ2
2159;B4C622B0
2160;B4C4TFXH
2161;B4CRI6FA
2162;B4C7XC7R
2163;B4CKIQBI
2164;B4CXYK0G
2165;B4C95IA8
2166;B4C1OHPH
2167;B4CLX72E
2168;B4CF9LT4
2169;B4CI4M4O
2170;B4C08EWK
2171;B4COZ9J3
2172;B4C9M0MK
2173;B4CT7NDU
2174;B4C1I2K5
2175;B4CMED16
2176;B4CHG3I9
2177;B4CYIGRP
2178;B4CT8MV5
2179;B4CZM0ZK
2180;B4CLGGEJ
2181;B4CFBQ3G
2182;B4CK3160
2183;B4CU0RHG
2184;B4C3RJD9
2185;B4COMOW0
2186;B4CHODMF
2187;B4CZ9ZOJ
2188;B4CVESAW
2189;B4CYFM9Y
2190;B4CHL9L8
2191;B4CYWPSM
2192;B4CPX7GH
2193;B4C1Z6FD
2194;B4CRHKVO
2195;B4COF239
2196;B4CY9JSH
2197;B4CCCCCJ
2198;B4COPBFM
2199;B4C0QB4U
2200;B4CCR4XY
2201;B4CJA7XJ
2202;B4CO468P
2203;B4CX57HX
2204;B4CDW0U2
2205;B4CYBIV6
2206;B4CTXAB8
2207;B4CAT1NP
2208;B4CNLULO
2209;B4CK1XG9
2210;B4C77RFN
2211;B4CY4LTN
2212;B4CO77BJ
2213;B4C8L1XZ
2214;B4CR5VD3
2215;B4C70YGO
2216;B4CQPXGA
2217;B4CRSXSK
2218;B4CN1Y49
2219;B4CXEJUG
2220;B4C35PDW
2221;B4C2V8O2
2222;B4C559QA
2223;B4C7QLSO
2224;B4CGZC3H
2225;B4CIZO5I
2226;B4CG222I
2227;B4CCZRT5
2228;B4CRGZ60
2229;B4CFSQWJ
2230;B4CM5A2E
2231;B4C734HF
2232;B4C10Y7L
2233;B4CF6YFO
2234;B4CFA9V5
2235;B4CN31YJ
2236;B4CK0C5M
2237;B4CUFSFH
2238;B4CR6CYW
2239;B4C0JXQ4
2240;B4CHX87X
2241;B4CXJJYM
2242;B4CA1HG1
2243;B4CMRLV0
2244;B4CDDUPD
2245;B4CRTQM7
2246;B4C8PGPQ
2247;B4C5LBAQ
2248;B4C9EEKG
2249;B4CQLJXF
2250;B4CB2PEQ
2251;B4C1ES8Y
2252;B4COVONN
2253;B4C6HL1N
2254;B4CD55HQ
2255;B4CL0R7Q
2256;B4CFIAJ7
2257;B4C9IYQ0
2258;B4CMDFO6
2259;B4CUAF1X
2260;B4CZMTMX
2261;B4C4VHO8
2262;B4CS7J1A
2263;B4C5KI7H
2264;B4CM0MCO
2265;B4C7M8PO
2266;B4CVLAVP
2267;B4C6YBBN
2268;B4CHPFPK
2269;B4C2V8PW
2270;B4CRHC1O
2271;B4CC947N
2272;B4C62LZO
2273;B4C31LGC
2274;B4CMJGY5
2275;B4C0RTK9
2276;B4CB2BU7
2277;B4CMDPU3
2278;B4CT3XPN
2279;B4CHYTTU
2280;B4CPBBIE
2281;B4CKYRFF
2282;B4CWK8MV
2283;B4CHF08V
2284;B4CBRKDA
2285;B4CUNIXU
2286;B4C4U2FX
2287;B4CZ39X4
2288;B4CT3FN7
2289;B4C0FBD4
2290;B4CP0ETH
2291;B4CGJK3H
2292;B4CBSXIO
2293;B4CSZD0L
2294;B4C269WN
2295;B4CUYM20
2296;B4CAAF0W
2297;B4CVL9Y2
2298;B4CGSY0C
2299;B4COWL13
2300;B4CRADVY
2301;B4C44LDE
2302;B4CQ7GYW
2303;B4C0LMWM
2304;B4CTFDUL
2305;B4CZCC2Y
2306;B4CKICZX
2307;B4C60QBA
2308;B4C78J15
2309;B4CBNP0P
2310;B4CGIEWA
2311;B4C21KYC
2312;B4CD362S
2313;B4CDRWG3
2314;B4CUC7QH
2315;B4COMG8Z
2316;B4COSBTZ
2317;B4CLSS1O
2318;B4C0M53A
2319;B4C6V2VZ
2320;B4CR7776
2321;B4CLM29L
2322;B4C4HMIG
2323;B4CFVODJ
2324;B4CDY93M
2325;B4C4J7DP
2326;B4CBDJ0W
2327;B4C6UHY2
2328;B4C8UUNV
2329;B4CIYABB
2330;B4CKMV4Y
2331;B4CK5DFK
2332;B4C415XZ
2333;B4CHHQ32
2334;B4CJKTE1
2335;B4CU9ITA
2336;B4CLMYIA
2337;B4CQE3XZ
2338;B4CHOSLA
2339;B4CKGYI0
2340;B4CMXEID
2341;B4CD4IH4
2342;B4C4B2T1
2343;B4CKEJNH
2344;B4CB49Z0
2345;B4C5W87V
2346;B4CH80SK
2347;B4CT6YN2
2348;B4CDYSAV
2349;B4C1A815
2350;B4CQOKW9
2351;B4CUA9YQ
2352;B4CGDYXR
2353;B4CA2DFA
2354;B4C7TPRY
2355;B4C4FCBV
2356;B4CU8NKX
2357;B4CJYONM
2358;B4CI4KLF
2359;B4CUW3W4
2360;B4CHI0AA
2361;B4C6MOX2
2362;B4CMWQDF
2363;B4C3Q7ZW
2364;B4C4WK5T
2365;B4CRGDHT
2366;B4C6VLTD
2367;B4CUURTX
2368;B4CP7RRG
2369;B4CC640Y
2370;B4CUVGR6
2371;B4CSFYKW
2372;B4CA7TM3
2373;B4CC4W8A
2374;B4CKQ1Y9
2375;B4CUSRSJ
2376;B4CQ123I
2377;B4CVBZQD
2378;B4CAV3TY
2379;B4C969WU
2380;B4C4CW26
2381;B4CJKJI0
2382;B4CFBHJ5
2383;B4CVZT4M
2384;B4C166NN
2385;B4CCKM6O
2386;B4CE3DMV
2387;B4CPD3B0
2388;B4CDI2BS
2389;B4CNMNPC
2390;B4CIKJGO
2391;B4CNSGPQ
2392;B4CBS21R
2393;B4CRIOZP
2394;B4C1E86P
2395;B4CGXK4U
2396;B4CG2LRK
2397;B4CGFB9T
2398;B4CEEZRF
2399;B4C43FTU
2400;B4C0L7ER
2401;B4CVFN6E
2402;B4C1V1KD
2403;B4C5EAW1
2404;B4CU2OLD
2405;B4CQ2N2A
2406;B4CU4HWC
2407;B4CNTA0T
2408;B4CSAY56
2409;B4CMWIB5
2410;B4CM6BUK
2411;B4C7SUF7
2412;B4CIYLDX
2413;B4CS2J74
2414;B4C9T3FF
2415;B4CZMU7W
2416;B4CM476H
2417;B4CT54JA
2418;B4C51956
2419;B4CKWETH
2420;B4CMXCLB
2421;B4CYYW0W
2422;B4C05KD2
2423;B4CE5NC8
2424;B4CV8NLZ
2425;B4CGIKMW
2426;B4C7WWGO
2427;B4C2T259
2428;B4CTE65F
2429;B4C5RB11
2430;B4C0G3RK
2431;B4CBJKPA
2432;B4CGFN8T
2433;B4CB83TU
2434;B4CEF42W
2435;B4CTIHVB
2436;B4CXJXQF
2437;B4C3CKP6
2438;B4CSNM6S
2439;B4CR671K
2440;B4CLHCWU
2441;B4CHK43M
2442;B4CXTMWC
2443;B4CY9CLT
2444;B4C9URKE
2445;B4C951PO
2446;B4C4HH6I
2447;B4C1VC5U
2448;B4CEOF7X
2449;B4CQL1QP
2450;B4CSEXBN
2451;B4CX5U6D
2452;B4C8IHOP
2453;B4C1D7XB
2454;B4CM1TUW
2455;B4CUMPNT
2456;B4C0BGRL
2457;B4C8JM14
2458;B4CG8HA9
2459;B4C3K7IT
2460;B4C0W8GH
2461;B4CLA3C7
2462;B4CAY7EL
2463;B4CE7JXB
2464;B4CPDLDU
2465;B4CFCC7N
2466;B4C6V3YO
2467;B4C8PFBF
2468;B4CXGFTW
2469;B4CBPJ0X
2470;B4CZGEW5
2471;B4CD5O70
2472;B4CE8Y5F
2473;B4CKNO27
2474;B4CTM9SJ
2475;B4CY1AWP
2476;B4CG7RP2
2477;B4CVKU9R
2478;B4COCBTS
2479;B4CJHBKN
2480;B4C5WPXF
2481;B4CR277B
2482;B4C38YSM
2483;B4CU0CU3
2484;B4CA0AEN
2485;B4CKJFFP
2486;B4CSWNLU
2487;B4COMWC9
2488;B4C3I5AV
2489;B4CB2NQA
2490;B4CUDGNE
2491;B4C7ZF53
2492;B4CE0Q89
2493;B4CB742P
2494;B4CUXAUZ
2495;B4C0FAEW
2496;B4C4SIZW
2497;B4CHEH2H
2498;B4CGPKIT
2499;B4CCJ4MH
2500;B4CSPZ2K
2501;B4CCIEQ9
2502;B4C4D2UP
2503;B4C8RBQ3
2504;B4CFPFN2
2505;B4C1G40Y
2506;B4C342H5
2507;B4CBI3NZ
2508;B4CXNIV7
2509;B4CICB8N
2510;B4CSRU7Y
2511;B4C82020
2512;B4C1XE0Y
2513;B4CIPKS2
2514;B4CBA954
2515;B4C68TDM
2516;B4CD1ZAW
2517;B4CXYLOT
2518;B4CZMH2K
2519;B4C0OC4L
2520;B4C2BDMR
2521;B4C691RR
2522;B4CNCFYP
2523;B4CHAYB6
2524;B4C58OXA
2525;B4CCGBEJ
2526;B4CQ6YVR
2527;B4C9NAC9
2528;B4CIF4TK
2529;B4C1D4NB
2530;B4CY5IYK
2531;B4CZ5UYR
2532;B4C8K217
2533;B4CSDE42
2534;B4CUK4SM
2535;B4CBVOEW
2536;B4CN2RT2
2537;B4CL1KML
2538;B4CZVB1D
2539;B4CZC35F
2540;B4C9X4U7
2541;B4CW54KI
2542;B4C6PX5N
2543;B4CIUNFG
2544;B4CGMGWV
2545;B4CE7T6Q
2546;B4CWL9JJ
2547;B4CSETJG
2548;B4CR33A5
2549;B4CNJG3O
2550;B4C9G0X0
2551;B4C619TB
2552;B4C8UM69
2553;B4CCK9GK
2554;B4CQONUK
2555;B4CEYMCY
2556;B4CW7UAP
2557;B4CLBWX3
2558;B4CR08F8
2559;B4CFFXLY
2560;B4CY5N1C
2561;B4CD2U23
2562;B4CXBGON
2563;B4CSGLJF
2564;B4CQFDFS
2565;B4CIJNXS
2566;B4C2PLL6
2567;B4CT27VF
2568;B4C120RX
2569;B4CR3Q61
2570;B4CU2LU2
2571;B4CLL5J6
2572;B4CWF001
2573;B4CY7AWT
2574;B4CIVKJ7
2575;B4CMGWHV
2576;B4CGU4ZO
2577;B4CT9JBA
2578;B4C58IGQ
2579;B4CFVANR
2580;B4C1TC1D
2581;B4CMM67N
2582;B4CB2168
2583;B4CJ6YA3
2584;B4CK373W
2585;B4CCS1TK
2586;B4CFHMOR
2587;B4CM1BIN
2588;B4CAKZYH
2589;B4CX516P
2590;B4COX2FL
2591;B4C19MWQ
2592;B4CIVFRT
2593;B4CZ7F9N
2594;B4CPEX5V
2595;B4CFK9PN
2596;B4CUNQWE
2597;B4CHBCPV
2598;B4CGEL7L
2599;B4CVS81A
2600;B4CMN7N9
2601;B4CWE0U4
2602;B4CWSEBX
2603;B4CT080C
2604;B4CEKTTR
2605;B4CLS3OX
2606;B4COXVCS
2607;B4CQDFZ7
2608;B4C2JLNX
2609;B4C9NEAM
2610;B4C0AJ0G
2611;B4CQN3YO
2612;B4CNNJ7M
2613;B4CSGVI8
2614;B4C12RLP
2615;B4CKMWAG
2616;B4C6TAH9
2617;B4CIQXVP
2618;B4CYYVX2
2619;B4CRIZ3E
2620;B4CTRWKP
2621;B4CA5RNW
2622;B4C0SJS9
2623;B4C6OT39
2624;B4C6HR7H
2625;B4C0LH0Y
2626;B4CKKFO2
2627;B4CJHOQL
2628;B4C5PY52
2629;B4CJ1MZP
2630;B4CVD5H8
2631;B4CNM8K6
2632;B4CGSTNH
2633;B4CGUSSR
2634;B4CH09WT
2635;B4CAC6H6
2636;B4CCQJ5F
2637;B4CO9MH0
2638;B4CEISGR
2639;B4CY7LQ2
2640;B4C0LA46
2641;B4CZ935N
2642;B4CM3WEH
2643;B4CBQ5RD
2644;B4C81HDX
2645;B4C1ARMO
2646;B4C44K71
2647;B4CDZIL8
2648;B4C12AKS
2649;B4C05PPV
2650;B4CN9YY9
2651;B4CIHHBB
2652;B4C29CRC
2653;B4CLKDWZ
2654;B4CBIODE
2655;B4C18UU4
2656;B4CYXVFV
2657;B4CL2O6W
2658;B4CQXIQW
2659;B4CS0TWD
2660;B4C4ZTQR
2661;B4CNUNAP
2662;B4C388C0
2663;B4CA4JBO
2664;B4CLBGW9
2665;B4CS6YZX
2666;B4CVMOZH
2667;B4CPXXKQ
2668;B4C8B7W3
2669;B4C6S3U9
2670;B4CHAFQE
2671;B4CGCVH3
2672;B4C6WEGU
2673;B4CJQ7U0
2674;B4CGL40M
2675;B4CV8CB1
2676;B4C80XBB
2677;B4C8GX2J
2678;B4CCWFTE
2679;B4C6P7ZX
2680;B4C7MEI4
2681;B4C2RZ0Z
2682;B4CSHD63
2683;B4CIYRJL
2684;B4CFB69G
2685;B4CPSYGF
2686;B4CMQJ4C
2687;B4CQF72Z
2688;B4CX53PI
2689;B4CFANYE
2690;B4CJPPQ9
2691;B4CTXKG6
2692;B4C0U2EL
2693;B4CO6J70
2694;B4CTMUQ4
2695;B4CYQM2I
2696;B4C17EJZ
2697;B4CB3HGG
2698;B4CB29XP
2699;B4CP2FR0
2700;B4CJRKQO
2701;B4CWQK90
2702;B4CPXR6Z
2703;B4CFGM3Z
2704;B4CPE0WK
2705;B4C9YEIC
2706;B4C25N9M
2707;B4C32MYR
2708;B4C7VNMU
2709;B4CB8L06
2710;B4CK4DF8
2711;B4C1DA9A
2712;B4CMIYFP
2713;B4C8FENY
2714;B4CMUOZC
2715;B4CEYP1D
2716;B4CKG2L3
2717;B4CK2NVM
2718;B4CX64WC
2719;B4CGT8EJ
2720;B4C5WM5X
2721;B4C672PC
2722;B4C01J2V
2723;B4CBHUP5
2724;B4C6QHSK
2725;B4CK7I6S
2726;B4CX05JX
2727;B4CT3VJC
2728;B4CSAVSA
2729;B4CGGY9B
2730;B4C4NF80
2731;B4CXOJBU
2732;B4CVFFBB
2733;B4CUD00P
2734;B4CT2UKR
2735;B4CZ108D
2736;B4C1Z5KT
2737;B4CJOE4U
2738;B4COQ6QA
2739;B4CICVWQ
2740;B4CN7HYI
2741;B4C7UWVX
2742;B4CIBGWN
2743;B4C6IA6Y
2744;B4CGJ7H4
2745;B4C7XMUO
2746;B4CFHETV
2747;B4CVH8ZT
2748;B4CZ2TK9
2749;B4C3MOMY
2750;B4C3EGNQ
2751;B4CDXBRG
2752;B4CJ9UTO
2753;B4C5FJEN
2754;B4C6ZJ4I
2755;B4CWZKYE
2756;B4CC3VIP
2757;B4C79OQO
2758;B4C7Q2N3
2759;B4C2MPKR
2760;B4CXI8QO
2761;B4CIMT8X
2762;B4C2W7KO
2763;B4CQSLAZ
2764;B4CVYDE1
2765;B4CNBPW2
2766;B4CAK7PY
2767;B4C3J0N7
2768;B4CUOTOO
2769;B4CNN27E
2770;B4CW31H5
2771;B4C7M5ZD
2772;B4CRMZCA
2773;B4CZ9P52
2774;B4CPMJHK
2775;B4COOFVU
2776;B4CD1BX2
2777;B4CJK42E
2778;B4CJM8S3
2779;B4C7HAQY
2780;B4C5T5AT
2781;B4CS5L0R
2782;B4CMAXVC
2783;B4C91Z1A
2784;B4CTUS57
2785;B4CIT9A1
2786;B4C9GLF7
2787;B4CC9102
2788;B4CGK8IC
2789;B4CBRMYS
2790;B4CQYHWH
2791;B4CHSNJO
2792;B4C8KIWJ
2793;B4CU5WAI
2794;B4CPP9RW
2795;B4CO7TCR
2796;B4CXSZ9K
2797;B4CYFD25
2798;B4CIMTCC
2799;B4CW1Y97
2800;B4CJPB0P
2801;B4C9YXYQ
2802;B4CVAXY3
2803;B4C0LFDG
2804;B4CYU10N
2805;B4CRI62N
2806;B4CUAH2T
2807;B4CBTWOH
2808;B4C8H5WZ
2809;B4C7094P
2810;B4C5EKPA
2811;B4CQ88S0
2812;B4CNV7EO
2813;B4CV1JOO
2814;B4CDFFHW
2815;B4C96CTA
2816;B4CM9GUW
2817;B4CMO715
2818;B4CZYUGK
2819;B4CNNNOM
2820;B4CAH0X8
2821;B4C6YXFD
2822;B4C3KOD6
2823;B4CG1HFT
2824;B4CMWVTQ
2825;B4CD09WR
2826;B4CL7N7O
2827;B4C73V4N
2828;B4CV6A9S
2829;B4CJZVX9
2830;B4CTQKX8
2831;B4CK0IJA
2832;B4C1LJVU
2833;B4CPVBH3
2834;B4C32IMP
2835;B4CGJ6QS
2836;B4CNR55D
2837;B4CMSTIS
2838;B4CPZILB
2839;B4CEVY5I
2840;B4C25PSE
2841;B4CNODEL
2842;B4C8T9YN
2843;B4C5KDE9
2844;B4CI31GV
2845;B4C5ODRT
2846;B4CQV0GQ
2847;B4CJI7F7
2848;B4CXB7MP
2849;B4CROWPM
2850;B4CTG0BR
2851;B4CUOMFG
2852;B4CK9ZLO
2853;B4CGZYX4
2854;B4C9ZNPE
2855;B4CW42HM
2856;B4C0RT8U
2857;B4CE9CGH
2858;B4CBAB56
2859;B4CUSK8N
2860;B4CNBFY4
2861;B4C6O0GP
2862;B4CBEU78
2863;B4C398P4
2864;B4CQ56L1
2865;B4CBIQ77
2866;B4C7CQQ0
2867;B4CAT3RD
2868;B4CRPIGW
2869;B4CBQQHP
2870;B4CG01WQ
2871;B4CYPTCG
2872;B4CCOPN7
2873;B4C0Z4BU
2874;B4CHW4WB
2875;B4CW2K8U
2876;B4CNQRZV
2877;B4CAS3GG
2878;B4CX7THK
2879;B4C92SXI
2880;B4C5XLIH
2881;B4C81WQA
2882;B4CD3Q0X
2883;B4CFSO6K
2884;B4C96K15
2885;B4C1IRC0
2886;B4CDRSPW
2887;B4CTXJVM
2888;B4CKY22S
2889;B4C68RCG
2890;B4CK55UI
2891;B4C6TOCV
2892;B4C6JKYV
2893;B4CK6JIT
2894;B4C881Y1
2895;B4CFTBV5
2896;B4C21UE5
2897;B4CF2PFU
2898;B4CU9FKT
2899;B4C0UY5A
2900;B4C8WATN
2901;B4CO1XVO
2902;B4C0OFSQ
2903;B4C20SHW
2904;B4CHYTH0
2905;B4C9DU09
2906;B4CMP3RE
2907;B4CMZJU5
2908;B4CY5LK1
2909;B4C72OMU
2910;B4C3UHFZ
2911;B4CBNGKU
2912;B4CNUFI6
2913;B4C0SQJX
2914;B4CBQ6L7
2915;B4CYDLI1
2916;B4C7H5PZ
2917;B4CM7CM5
2918;B4CMFK6B
2919;B4CAGASD
2920;B4CWA7DG
2921;B4CYA1ZF
2922;B4CZOZNV
2923;B4CMJY70
2924;B4C06VQI
2925;B4CM2R1T
2926;B4CNNIZ9
2927;B4CQW59V
2928;B4CE48C3
2929;B4C9NSNV
2930;B4CQPJGJ
2931;B4CY2LFJ
2932;B4CVONQZ
2933;B4CG0FJ1
2934;B4C9Q61Y
2935;B4CNG5PC
2936;B4CURNCI
2937;B4CWZ8NJ
2938;B4C0A3U4
2939;B4CRT416
2940;B4CDINPR
2941;B4CK2070
2942;B4CCFO1P
2943;B4CT8GFO
2944;B4CXT0NL
2945;B4C69XJA
2946;B4CBJFKP
2947;B4CYS78T
2948;B4CAIT8O
2949;B4C1OSOZ
2950;B4C6ICUA
2951;B4CBJKDD
2952;B4COHW0S
2953;B4C3OMQ9
2954;B4C91TTF
2955;B4CUC9CX
2956;B4CWEGUG
2957;B4C23XVZ
2958;B4CR0R3L
2959;B4CYFWWX
2960;B4C66YGR
2961;B4C3GH92
2962;B4CHUYMM
2963;B4CVTSD6
2964;B4COAQPC
2965;B4CF6BEY
2966;B4CLYKC4
2967;B4CU677B
2968;B4CWTW0V
2969;B4CJYPWI
2970;B4C2MYEJ
2971;B4CXY1CX
2972;B4CR84WI
2973;B4C9GS31
2974;B4CVFT1C
2975;B4CSO3OJ
2976;B4CBMTZR
2977;B4C9G147
2978;B4CZIHIM
2979;B4CXH7T1
2980;B4CIJT3K
2981;B4C2M4D5
2982;B4C5JIJH
2983;B4CX4OR7
2984;B4CBDUPN
2985;B4CRJ63M
2986;B4CZ5IMB
2987;B4CBN0HU
2988;B4C1LJT4
2989;B4CMT51N
2990;B4CQK6ZO
2991;B4C7AX2R
2992;B4CRYPR4
2993;B4C8MCM4
2994;B4CROMD8
2995;B4CJJBL7
2996;B4CI2PB5
2997;B4CEBJEU
2998;B4CGW5LR
2999;B4CMA61C
3000;B4CZY709
3001;B4CEGVFZ
3002;B4CNRORW
3003;B4CKR3HI
3004;B4C2G3QN
3005;B4CXYD7D
3006;B4CTFA0K
3007;B4C9WLIZ
3008;B4C94OJI
3009;B4CQLJMD
3010;B4C1O8N6
3011;B4CFVE3M
3012;B4CPT0S3
3013;B4CEOAMT
3014;B4CO2J1J
3015;B4C72V5B
3016;B4C8PNRZ
3017;B4CDZ4DD
3018;B4CU2ZCO
3019;B4CJVSA3
3020;B4CGZ96T
3021;B4C6ZBA2
3022;B4CQ43H8
3023;B4CDDHUX
3024;B4CMA5BZ
3025;B4CWAW7U
3026;B4C88E1G
3027;B4CHOXRM
3028;B4CB7P2Q
3029;B4C6F8EW
3030;B4C147IN
3031;B4C3SCFY
3032;B4CKY8DI
3033;B4CTM9LQ
3034;B4CPQ57B
3035;B4CAP25V
3036;B4C5KRPK
3037;B4CH8ZDN
3038;B4CCXJI2
3039;B4C8T02J
3040;B4C4ZKCR
3041;B4CYUZKM
3042;B4C33JBE
3043;B4CYCLKO
3044;B4CTNCWM
3045;B4CYIECB
3046;B4CZJR36
3047;B4C30FMB
3048;B4CSA1FO
3049;B4C5711A
3050;B4CJU5AO
3051;B4C4DNEL
3052;B4C6UPE3
3053;B4CF8LNG
3054;B4CVFYES
3055;B4CMLVFZ
3056;B4C5WV5C
3057;B4CGONB3
3058;B4CIG8SI
3059;B4C0LFJJ
3060;B4CY1VGK
3061;B4CF6ACG
3062;B4CD27WD
3063;B4C7I4JP
3064;B4CZJKML
3065;B4C1NBTI
3066;B4CWL9XY
3067;B4CK7QV5
3068;B4CWSBDQ
3069;B4CNTNM3
3070;B4CMFWJE
3071;B4CQCFGP
3072;B4CB25EG
3073;B4C7DXAR
3074;B4CRPBSJ
3075;B4C4BLZ8
3076;B4CQA8ZM
3077;B4CFSHGY
3078;B4C7LMHX
3079;B4CNPMEP
3080;B4CGVKRN
3081;B4CBBEG5
3082;B4CNIVPI
3083;B4CIMMHI
3084;B4CZI449
3085;B4C76X18
3086;B4CB28H4
3087;B4CXWCYF
3088;B4COMM94
3089;B4C6V7HJ
3090;B4CAHYZI
3091;B4CEPLJY
3092;B4CDSF32
3093;B4C25V4R
3094;B4CPBIJN
3095;B4CZDLJ5
3096;B4CPKZ2F
3097;B4CAOOJ4
3098;B4CVCUBZ
3099;B4CYJXF8
3100;B4CAFV9H
3101;B4C9IFSX
3102;B4CTIU5C
3103;B4CUDBW2
3104;B4CB4YSG
3105;B4COAW8I
3106;B4CSNIAP
3107;B4CD7610
3108;B4CD3YIF
3109;B4CM6KUZ
3110;B4CGPI1K
3111;B4CX0SM1
3112;B4CL0ZSS
3113;B4C0IT2O
3114;B4CW55VA
3115;B4CAZG7T
3116;B4CW8LRP
3117;B4C0HE9J
3118;B4C0G8JT
3119;B4CC58LS
3120;B4CO81N4
3121;B4CA2Y22
3122;B4C9BKWN
3123;B4CFE8GW
3124;B4CGUGEK
3125;B4CR1XL4
3126;B4C7FK73
3127;B4CIB8JP
3128;B4C5S3OU
3129;B4CXVT6A
3130;B4CB2XMJ
3131;B4C10DF9
3132;B4C8RLUA
3133;B4CZWDTJ
3134;B4C2OR3H
3135;B4CKS9J4
3136;B4CGXSIP
3137;B4CQSERP
3138;B4CSW174
3139;B4C0B19V
3140;B4CM8T3I
3141;B4CB9NFP
3142;B4CXFVHP
3143;B4CYT6FR
3144;B4CM9WJ1
3145;B4C7YT9P
3146;B4CWNR47
3147;B4CYVY6K
3148;B4CT0CYW
3149;B4CET20Q
3150;B4CT0DBJ
3151;B4CW9QHM
3152;B4CKGOFA
3153;B4C4DKED
3154;B4CYZXS3
3155;B4CU53XE
3156;B4C4F71K
3157;B4CEHJQQ
3158;B4CYWSNB
3159;B4CS86P1
3160;B4CMYHJT
3161;B4C8C02V
3162;B4CTPD4T
3163;B4C8OUJ8
3164;B4CK3NQI
3165;B4CPMGK7
3166;B4CGH35H
3167;B4CXJFHC
3168;B4C609M3
3169;B4CNZZB4
3170;B4CFHPOT
3171;B4CC82D2
3172;B4CE1X50
3173;B4CBQS5D
3174;B4CS03N1
3175;B4CS011I
3176;B4CYKZ38
3177;B4CESVF2
3178;B4CC7PMC
3179;B4C3PW2R
3180;B4CKWH79
3181;B4CDVUZ4
3182;B4C6Y5MZ
3183;B4CL48TG
3184;B4CP5BLK
3185;B4CW1I1A
3186;B4C7IXYW
3187;B4C90WNH
3188;B4C9SPFE
3189;B4CO7QFZ
3190;B4C70KO3
3191;B4CWZR9L
3192;B4CMVWP9
3193;B4CFAKLM
3194;B4C4D31W
3195;B4C507E5
3196;B4C9N7FK
3197;B4C6EQZ4
3198;B4C0G551
3199;B4CZI9YD
3200;B4CUYZ5H
3201;B4CO47AH
3202;B4CDGI33
3203;B4C67X3T
3204;B4CLSE02
3205;B4CDA1TA
3206;B4C7SI05
3207;B4CEKNIS
3208;B4CZ2WCB
3209;B4C86J1E
3210;B4CUQVSX
3211;B4C7W2IF
3212;B4C5G8Y5
3213;B4C10VBW
3214;B4CG3V8R
3215;B4CHNXPS
3216;B4CJ1K7U
3217;B4CZ4C8K
3218;B4CHXIOC
3219;B4C38K88
3220;B4CR077H
3221;B4CFRIL5
3222;B4C12B5Y
3223;B4CTJ09X
3224;B4CJCY61
3225;B4CVV0AB
3226;B4CR2XP1
3227;B4C0E5N3
3228;B4C6RCGU
3229;B4C6T0YK
3230;B4CL4DRQ
3231;B4CQMW3O
3232;B4CXQN2V
3233;B4C48J4N
3234;B4C9TCOZ
3235;B4C7PIY8
3236;B4C6SGZB
3237;B4C0KCEP
3238;B4C9IM7O
3239;B4CVLD34
3240;B4C4FAG8
3241;B4CU9DEM
3242;B4C4B7T4
3243;B4CRT80N
3244;B4CD7MVX
3245;B4C2N66E
3246;B4CU5ZWK
3247;B4CLS5C8
3248;B4CGV382
3249;B4CLTKG2
3250;B4CLAK9J
3251;B4CXDSBK
3252;B4CK5TR0
3253;B4CFVW4F
3254;B4CLTEON
3255;B4CKRZVL
3256;B4CR5BX1
3257;B4CS9VHR
3258;B4CHSVFA
3259;B4C7GF12
3260;B4C8OBCS
3261;B4CFL2DX
3262;B4CLY9W0
3263;B4C8RP1T
3264;B4CSEXF3
3265;B4C9JJ5C
3266;B4CPN4RQ
3267;B4C16KPA
3268;B4CYB8UF
3269;B4CS8TTY
3270;B4C6XT4E
3271;B4C80FUZ
3272;B4CRJSET
3273;B4CL6WZG
3274;B4CQYH21
3275;B4CDW6VE
3276;B4C8DXE4
3277;B4CAPPEX
3278;B4CHOXF2
3279;B4CYE4U8
3280;B4CUJIQ1
3281;B4C2AQ5F
3282;B4C4L1XM
3283;B4CB7CMM
3284;B4CKMQR5
3285;B4CF8YV7
3286;B4C53A7S
3287;B4C9K7C4
3288;B4CO1N38
3289;B4CHIWLP
3290;B4CYMSGV
3291;B4CEWX33
3292;B4CAP9NS
3293;B4CTC57F
3294;B4CFK4AB
3295;B4CGTYWA
3296;B4CUQFC3
3297;B4CB8RSD
3298;B4CGYOLG
3299;B4C5XUY3
3300;B4CWMTCU
3301;B4CPUHY0
3302;B4C2MHVV
3303;B4CFG41Z
3304;B4CC5592
3305;B4CS4M8P
3306;B4CFQQPT
3307;B4CKJN3Q
3308;B4CKB942
3309;B4CI3KZP
3310;B4CJ92MT
3311;B4CME7FB
3312;B4C6QIRP
3313;B4CKPDNJ
3314;B4CQVPZR
3315;B4CS23RE
3316;B4CO34NG
3317;B4C9DPUM
3318;B4CPCBE2
3319;B4CSV6QY
3320;B4CQRLLF
3321;B4C8WX1X
3322;B4CSKK3Y
3323;B4CF4EJ8
3324;B4CD49V9
3325;B4C3QI0B
3326;B4C9GCPI
3327;B4CJRWXN
3328;B4CHIVRP
3329;B4CNEPII
3330;B4C5RZHB
3331;B4C3F7EL
3332;B4CW1G2Y
3333;B4CU8CPY
3334;B4C5519T
3335;B4CL4NPM
3336;B4C9ZVZR
3337;B4CO83F5
3338;B4CTMT4O
3339;B4CU6IGO
3340;B4CB0RH5
3341;B4CHERS3
3342;B4C6CR8L
3343;B4CLQK73
3344;B4CRASB2
3345;B4CI71F6
3346;B4C37MQ5
3347;B4CVBOFW
3348;B4CSQ22O
3349;B4CM28V4
3350;B4CJ7Y42
3351;B4CBL60Q
3352;B4CC7UKN
3353;B4CAIH69
3354;B4CNO7KN
3355;B4CUHL2H
3356;B4CA7JKK
3357;B4CZFAJX
3358;B4C87EYI
3359;B4CFFU8G
3360;B4C6IUQX
3361;B4CI9WOJ
3362;B4CC4YOH
3363;B4CE4ANU
3364;B4CVR0G6
3365;B4CXVFZA
3366;B4CHXUZT
3367;B4CQ4F4F
3368;B4CVWQOX
3369;B4CIMT4H
3370;B4CKPNIQ
3371;B4CQ5HQ0
3372;B4CDIL4R
3373;B4C1DCQ0
3374;B4CIJI2Z
3375;B4CW9MAZ
3376;B4C3YXHV
3377;B4C5W7U2
3378;B4CUKMGV
3379;B4C3G197
3380;B4CUVRD8
3381;B4CDWFWV
3382;B4CQ4L4H
3383;B4CTMH3Y
3384;B4CV1ZZQ
3385;B4CZK2FD
3386;B4C8YG85
3387;B4C5FB9W
3388;B4CZ7996
3389;B4CB3FVJ
3390;B4CG9OSY
3391;B4C7R2Y7
3392;B4C9J3AM
3393;B4C7VXQ0
3394;B4CSZHG4
3395;B4CMB1FX
3396;B4CP5E5U
3397;B4CRJTQJ
3398;B4CBLDWL
3399;B4CVDNBX
3400;B4CNMCCF
3401;B4CMJDLM
3402;B4CCY587
3403;B4CSWDIJ
3404;B4COCYGE
3405;B4CULBQK
3406;B4CQBOTO
3407;B4CLVKXN
3408;B4CIIL96
3409;B4CO2FC1
3410;B4CN1ME5
3411;B4CYUSUA
3412;B4CPTD9F
3413;B4C0KGT8
3414;B4CHMM51
3415;B4CCUFA6
3416;B4CQ4QVL
3417;B4CK6807
3418;B4C4GDAJ
3419;B4CUCBSI
3420;B4CCFIFF
3421;B4CUBZ9E
3422;B4C76LZJ
3423;B4CTNT0D
3424;B4C5C6HP
3425;B4CXI01F
3426;B4C5HF6A
3427;B4C0H4BT
3428;B4CBF2KG
3429;B4C6VHT1
3430;B4CRM1RS
3431;B4C1TMKO
3432;B4CYZDZ6
3433;B4C049B0
3434;B4CSG6I5
3435;B4CJUYHI
3436;B4C42Y5F
3437;B4CSSPNA
3438;B4CZ0OEA
3439;B4CPIP9J
3440;B4CHRIMS
3441;B4CHP0AT
3442;B4C7KJV4
3443;B4C1XVX9
3444;B4CAT36R
3445;B4C3PAJD
3446;B4CXAG10
3447;B4CW804U
3448;B4CC6PB7
3449;B4CCGF1D
3450;B4CZ8R43
3451;B4CHOECD
3452;B4CA6JPS
3453;B4CEU1HS
3454;B4CJHJDW
3455;B4CE2ECK
3456;B4C9QRC4
3457;B4C30GZT
3458;B4C1MRZ0
3459;B4CV2B1K
3460;B4CMYBBD
3461;B4CUHH6Y
3462;B4C1L5C1
3463;B4C9BNZ8
3464;B4C9QHP2
3465;B4CQGZP9
3466;B4CJ9ONR
3467;B4CIE1A8
3468;B4CJWRL9
3469;B4CMKLGO
3470;B4CGVXIJ
3471;B4C04BC8
3472;B4CCH0ON
3473;B4CS4850
3474;B4C3005V
3475;B4CS2Y52
3476;B4CJ6ZNL
3477;B4CLZYZO
3478;B4C0NHIW
3479;B4CJL0MK
3480;B4C51LAC
3481;B4CKMB5S
3482;B4CJ9LWU
3483;B4CNSDKG
3484;B4CQOFJN
3485;B4CPAHJ1
3486;B4CNRWOO
3487;B4CXS5BB
3488;B4CZHKVO
3489;B4CVB229
3490;B4C3ED07
3491;B4CZDH67
3492;B4CIXEXZ
3493;B4CM4UNO
3494;B4C7Z7GZ
3495;B4CJSYP1
3496;B4CUNBGY
3497;B4CAR560
3498;B4CBAJX8
3499;B4C9XBLP
3500;B4CY7JF9
3501;B4C5LYZ3
3502;B4C0OSY2
3503;B4CAHPG7
3504;B4CKFJFO
3505;B4CVCT95
3506;B4CZ6PHO
3507;B4CUNW5R
3508;B4CA409D
3509;B4CL2I1E
3510;B4CK96EL
3511;B4CAWQ3U
3512;B4CGF2U1
3513;B4CJUDZ6
3514;B4CFKQZ2
3515;B4CT5Y4U
3516;B4CKADHE
3517;B4CLAHBC
3518;B4COH5PJ
3519;B4CGT9C6
3520;B4CSC94C
3521;B4CLTKKG
3522;B4C1V606
3523;B4C4UDEQ
3524;B4CWOGWR
3525;B4CAAL8H
3526;B4CGDJUB
3527;B4CZ7VWN
3528;B4C0IIBU
3529;B4C96837
3530;B4CPNPMO
3531;B4C8VN2Z
3532;B4C77F6T
3533;B4C3IU8O
3534;B4CK9PIG
3535;B4CTM5PZ
3536;B4CJFZWQ
3537;B4C3MM26
3538;B4CL9S8M
3539;B4CO6FKE
3540;B4CIY4HG
3541;B4CVJZKT
3542;B4C3JTH1
3543;B4C63WK9
3544;B4CR8P13
3545;B4CJ942B
3546;B4C005MS
3547;B4CI2ZMJ
3548;B4CO9I4G
3549;B4CSK2P4
3550;B4CS9L97
3551;B4CZ21LK
3552;B4C15D42
3553;B4CJWJZ0
3554;B4CF410C
3555;B4CSXQF9
3556;B4COHLS2
3557;B4CMRSQL
3558;B4CY0NBP
3559;B4CKCNQN
3560;B4CT5SBK
3561;B4CUTQTR
3562;B4CEE210
3563;B4C2NSA4
3564;B4C76MAF
3565;B4C91B1U
3566;B4CJ33YF
3567;B4CVFU96
3568;B4CN806S
3569;B4CL35X6
3570;B4CIKELV
3571;B4CUXB41
3572;B4C41MWA
3573;B4C77EK8
3574;B4CV6XJR
3575;B4C8Y409
3576;B4CG48UG
3577;B4CTY3MZ
3578;B4CQBN40
3579;B4CBZ8SK
3580;B4C1T1W8
3581;B4C5P6MH
3582;B4C6IP27
3583;B4CKDR85
3584;B4C4MOUN
3585;B4CZQHPF
3586;B4C22VKX
3587;B4CJ1EVP
3588;B4CRL240
3589;B4CD7F6B
3590;B4CV7VMR
3591;B4CB8LCJ
3592;B4CY9QG4
3593;B4CEW0VQ
3594;B4C2IGE7
3595;B4C7MJ14
3596;B4CUE9DG
3597;B4CFQCAS
3598;B4CBOB3N
3599;B4CHR798
3600;B4CBL18O
3601;B4CRUWBW
3602;B4CG6GVL
3603;B4CUEEDM
3604;B4CXJZ10
3605;B4CCJSVU
3606;B4C7JVBJ
3607;B4CFILBE
3608;B4CWW0C3
3609;B4CP8S8Z
3610;B4CHR8PM
3611;B4CPCE91
3612;B4CHA2E4
3613;B4CCEWYT
3614;B4CXUWX0
3615;B4C0ORCC
3616;B4CGLTF4
3617;B4C8HY5Q
3618;B4CGSLF3
3619;B4CXH4E8
3620;B4C3CWET
3621;B4CD7KCY
3622;B4CCOML7
3623;B4CANYWU
3624;B4C4O2TA
3625;B4C7KBLY
3626;B4CB2V2J
3627;B4C89NUY
3628;B4C38FXA
3629;B4CEB1XU
3630;B4C4LSNQ
3631;B4CQJEUP
3632;B4CXCW3D
3633;B4CU4FM8
3634;B4C23VEX
3635;B4C9YF30
3636;B4CXSDCR
3637;B4C4C7F2
3638;B4C503MZ
3639;B4CWMOW9
3640;B4CKEHJT
3641;B4CG3T74
3642;B4C6NPP1
3643;B4C0JEMU
3644;B4CXZP5H
3645;B4C0B0NE
3646;B4C9RJN2
3647;B4C2X07R
3648;B4CGTEU0
3649;B4CHBGNY
3650;B4CCC66W
3651;B4CGRNOQ
3652;B4CIYB76
3653;B4CCF99R
3654;B4CJ0CYK
3655;B4CJN2J5
3656;B4CL7CD2
3657;B4CGZFE6
3658;B4CU279I
3659;B4CNUYGR
3660;B4CQUEHD
3661;B4CYGCVA
3662;B4CZEYHD
3663;B4CKPR77
3664;B4CX9MSQ
3665;B4C61A9T
3666;B4CWAJE2
3667;B4CJ27TY
3668;B4C14WH9
3669;B4C08L52
3670;B4CN8L7B
3671;B4CSCKHL
3672;B4CCRNX4
3673;B4CGZ3EL
3674;B4CGYXL5
3675;B4CC69NT
3676;B4CN3ALI
3677;B4C9T3Z7
3678;B4CZZKVW
3679;B4CJ3553
3680;B4C5DJOV
3681;B4CERE1L
3682;B4CO9TBC
3683;B4CYRI1M
3684;B4C5KFP2
3685;B4CLIEIN
3686;B4C225GV
3687;B4CXJB8B
3688;B4CI05O6
3689;B4CAIB09
3690;B4C1X7II
3691;B4CTL9K3
3692;B4CURC2D
3693;B4C6L8B8
3694;B4C45LH5
3695;B4CO3REP
3696;B4CXQ1KI
3697;B4CRVC64
3698;B4CB2GAQ
3699;B4C3PRV3
3700;B4CLS4V6
3701;B4CJVSYJ
3702;B4CO6O05
3703;B4C2K57B
3704;B4CNFTVR
3705;B4CZU73J
3706;B4CV2SVV
3707;B4CK3PGH
3708;B4C0C1OE
3709;B4C5JVRD
3710;B4C3QZJB
3711;B4C46MBE
3712;B4CDSQNA
3713;B4C8290B
3714;B4C4CD13
3715;B4CCZKEN
3716;B4CG09O2
3717;B4COW831
3718;B4CURIRN
3719;B4CFJMBY
3720;B4CNKXVO
3721;B4CBH6DW
3722;B4CVU4M0
3723;B4C7Q6RS
3724;B4CVX3AD
3725;B4CSPXXV
3726;B4CAP5T5
3727;B4CML2X6
3728;B4CHE414
3729;B4C9V9Z9
3730;B4C2C15M
3731;B4C1W45N
3732;B4CVROKM
3733;B4CBS5JX
3734;B4C2D6C9
3735;B4COTTPV
3736;B4CO8WEV
3737;B4CF8YZZ
3738;B4C26R25
3739;B4CI1C5W
3740;B4CWTHTC
3741;B4C1FDP8
3742;B4CE6QDH
3743;B4CIUKG7
3744;B4CIRLXZ
3745;B4CH9M87
3746;B4C0H5FX
3747;B4CKYPVN
3748;B4C67M43
3749;B4CYZ8DD
3750;B4C1PFNY
3751;B4CKZWQW
3752;B4C64EDK
3753;B4CL1MWO
3754;B4CP1JI2
3755;B4CPKAJZ
3756;B4CULJJM
3757;B4C1AJ63
3758;B4C9EOEN
3759;B4C6N3E1
3760;B4C383ZB
3761;B4CYA35M
3762;B4C0EN1O
3763;B4CQZ2QF
3764;B4CWRE5R
3765;B4CD7CRN
3766;B4CQRCL5
3767;B4C5VC27
3768;B4CPADY8
3769;B4CF6CF4
3770;B4CGPMRW
3771;B4C5A06G
3772;B4CD4PXO
3773;B4C43YME
3774;B4CY46H1
3775;B4C9XLJC
3776;B4CVELYQ
3777;B4CVDF6D
3778;B4CP1T8Y
3779;B4CJY2Z1
3780;B4CYYOSE
3781;B4CKBQ9C
3782;B4CIS80C
3783;B4CPMTI3
3784;B4C0Z2LJ
3785;B4CR4L4N
3786;B4C3TASU
3787;B4CDCSF1
3788;B4CHERQC
3789;B4CZTGQF
3790;B4CX3ID0
3791;B4COYIU7
3792;B4CY0HW1
3793;B4CM6TWF
3794;B4CJK5KX
3795;B4C78S8R
3796;B4CFHAGU
3797;B4CUKTFA
3798;B4CU0I5E
3799;B4CTJB96
3800;B4CZRTXK
3801;B4CNN7O1
3802;B4CN56Q0
3803;B4CA6N3K
3804;B4CEUQXN
3805;B4CIX2AL
3806;B4CRGH4D
3807;B4CN7EMQ
3808;B4COWB5A
3809;B4CZHKB3
3810;B4CYEAZ6
3811;B4C69Q97
3812;B4CO0EQB
3813;B4COD0EL
3814;B4CGX4RC
3815;B4C001NC
3816;B4CAEEWG
3817;B4CGT292
3818;B4CIP34R
3819;B4C1DT1A
3820;B4CM2TQU
3821;B4CVW3FM
3822;B4CEMXWI
3823;B4CLB3BJ
3824;B4CHQW7W
3825;B4CWIBKS
3826;B4CE09HE
3827;B4C8VH53
3828;B4C0JCG7
3829;B4CVGZBK
3830;B4CCRY5I
3831;B4C4LECP
3832;B4CTUPPP
3833;B4CRTE1W
3834;B4C8T6L8
3835;B4CWWMFM
3836;B4CTRKOI
3837;B4CFK2IF
3838;B4CW72B5
3839;B4C7DLQB
3840;B4C9F0UG
3841;B4CJMX2D
3842;B4CJ20FM
3843;B4CC4Y8I
3844;B4C3RTS4
3845;B4CGQ7OS
3846;B4CTZEAH
3847;B4CNN78M
3848;B4CIGZR1
3849;B4CD6SLZ
3850;B4CJ2P6R
3851;B4CKXJR9
3852;B4C15PGF
3853;B4CT1S40
3854;B4COZ75W
3855;B4CBJBU2
3856;B4CWTS7T
3857;B4CEEIFU
3858;B4CCXSE4
3859;B4CR901S
3860;B4C7MN3Z
3861;B4CNF974
3862;B4CB6XP3
3863;B4CFSADP
3864;B4CIPMQE
3865;B4CDLXQX
3866;B4CL7DZS
3867;B4CVTDQ3
3868;B4CDH05L
3869;B4CYJC1K
3870;B4CC63BR
3871;B4C8AUWY
3872;B4CT4ZI2
3873;B4C6RGLH
3874;B4CZBJ9B
3875;B4CZTUDG
3876;B4CY3ZV1
3877;B4C2XVTK
3878;B4CNXD1A
3879;B4C0LX8U
3880;B4C8CCJ3
3881;B4C56SHN
3882;B4CP0ZKX
3883;B4CX0400
3884;B4CFDHUC
3885;B4CZP1F3
3886;B4CT2K8Y
3887;B4C0CZFK
3888;B4CHMPCH
3889;B4CSTBQS
3890;B4CXXIZ3
3891;B4CQMBCA
3892;B4CZC85L
3893;B4CBYZTK
3894;B4CRCQ4J
3895;B4C8WKD4
3896;B4CAF3DG
3897;B4C84N49
3898;B4CEMMK2
3899;B4C571J0
3900;B4CVNU67
3901;B4CBCDNO
3902;B4C7AV0V
3903;B4C6PT6L
3904;B4CP31IS
3905;B4CIZ19K
3906;B4CUNWZC
3907;B4C1OKAD
3908;B4C4WXXD
3909;B4CKGRNM
3910;B4CYMB4B
3911;B4CJUXOV
3912;B4CN81NC
3913;B4CFVY66
3914;B4CIRNZ0
3915;B4C1PN1R
3916;B4COD6RV
3917;B4CKI70N
3918;B4CTQDA9
3919;B4CSLP51
3920;B4CIC83Q
3921;B4CRUMRS
3922;B4COO9VD
3923;B4C10RP1
3924;B4CEE2L0
3925;B4C2MM1L
3926;B4CQ0NEH
3927;B4CTRYCS
3928;B4CH9L2O
3929;B4CVAGE1
3930;B4C5JO1Y
3931;B4CJ0RDN
3932;B4C3WCNI
3933;B4CMII5E
3934;B4CEHQAY
3935;B4CEF7J4
3936;B4C7JUBH
3937;B4C9AJ0Q
3938;B4CMG6EN
3939;B4CAYAHQ
3940;B4C9VNSF
3941;B4C9W0XK
3942;B4CTZJN3
3943;B4CU9VON
3944;B4C69JIN
3945;B4CVB6WO
3946;B4CIYI4S
3947;B4CQIDK6
3948;B4CJTQ5B
3949;B4CNYODO
3950;B4CQXVJ9
3951;B4CDZ5YB
3952;B4C04RRC
3953;B4CXHCUX
3954;B4C5MOQZ
3955;B4CJHSMB
3956;B4C9G7DA
3957;B4CYXKKV
3958;B4C9SYSF
3959;B4CO54BN
3960;B4CC9Q7S
3961;B4C28AXC
3962;B4CACAYM
3963;B4C2CQRM
3964;B4CSYTLV
3965;B4C2L7AE
3966;B4C2NXKJ
3967;B4CD9K3E
3968;B4CJM20X
3969;B4C1QXX6
3970;B4CV425C
3971;B4CRX6HV
3972;B4C9M9FH
3973;B4C7QQF4
3974;B4C8W0W4
3975;B4CLID74
3976;B4CYJEIR
3977;B4C7IC1E
3978;B4C99CKK
3979;B4C1YDFT
3980;B4CSDBTY
3981;B4CFKWIT
3982;B4CMJC5J
3983;B4CDDVXD
3984;B4C23ZU3
3985;B4CYQD8F
3986;B4CS4P8Z
3987;B4C8JJMN
3988;B4CA5OCY
3989;B4C8F892
3990;B4CAUXEW
3991;B4C7RMDL
3992;B4C7MZ6L
3993;B4CDX2YG
3994;B4CFGA42
3995;B4CIQ49L
3996;B4CRE9TL
3997;B4CQ5TVC
3998;B4C5PQ97
3999;B4CHVNSE
4000;B4C3I6SV
4001;B4CHC3K1
4002;B4C42DSF
4003;B4CBWBU9
4004;B4CSVNQT
4005;B4CKINXT
4006;B4C8BSYW
4007;B4C8H403
4008;B4CDA73H
4009;B4CYIERG
4010;B4C82X1M
4011;B4CPCV57
4012;B4C7NVS2
4013;B4C3V9HP
4014;B4CGI37N
4015;B4C8HO52
4016;B4C5DCOO
4017;B4CIOM7F
4018;B4C8K2YE
4019;B4CWQ69F
4020;B4CC3KFI
4021;B4CZMZSR
4022;B4CZCVFF
4023;B4CRH8IK
4024;B4C9JWEW
4025;B4CIGMRH
4026;B4C40E19
4027;B4CWOZBY
4028;B4CSYO0W
4029;B4CUMROU
4030;B4CPJGHD
4031;B4C663Q1
4032;B4C1BNB5
4033;B4CA6WFG
4034;B4CUNW3X
4035;B4CV5Y49
4036;B4CR8ZLP
4037;B4CJRE9F
4038;B4CU5FZ2
4039;B4C4VPYH
4040;B4CONDKK
4041;B4CVB8FZ
4042;B4CYP34Z
4043;B4CQXY9M
4044;B4CJDGYW
4045;B4CPF641
4046;B4CAPBW3
4047;B4C056KA
4048;B4CR9EQ1
4049;B4C0C1Z3
4050;B4CXFHO9
4051;B4CJBTZ1
4052;B4C6ZUJA
4053;B4CF3A1O
4054;B4CA611K
4055;B4CS2IQG
4056;B4CT62AG
4057;B4C5UXMK
4058;B4CT7GF9
4059;B4C3GLK5
4060;B4CN97U4
4061;B4CKMGIL
4062;B4CT3CFO
4063;B4CRUHW6
4064;B4CO059G
4065;B4C57BSL
4066;B4CNCGMU
4067;B4CCV7Q0
4068;B4CVC9XF
4069;B4C92C5K
4070;B4C58F62
4071;B4CNIU0A
4072;B4C5SJGS
4073;B4CLZQB6
4074;B4C1PHHN
4075;B4C2ZU9L
4076;B4CM546R
4077;B4CIR13D
4078;B4C72EED
4079;B4CZ3X01
4080;B4CAROCS
4081;B4CUQFYJ
4082;B4CG3SYJ
4083;B4C2LOET
4084;B4CIHKLI
4085;B4CPAIQG
4086;B4CA9PAT
4087;B4CP8756
4088;B4C8LV02
4089;B4CU3VTV
4090;B4C5M9Z4
4091;B4CYE2HI
4092;B4C6WQFG
4093;B4C1NB40
4094;B4CH8O0L
4095;B4CPRKDO
4096;B4CCF3XN
4097;B4CMF8XN
4098;B4C3JR3A
4099;B4CMH7AQ
4100;B4CWWGN0
4101;B4CVTXCW
4102;B4C3H4LG
4103;B4CA789C
4104;B4C1T84X
4105;B4CRKTO6
4106;B4CXF1UP
4107;B4CHUOPH
4108;B4C8MUDY
4109;B4CND99H
4110;B4C5FKU3
4111;B4CR5P94
4112;B4CX5OZU
4113;B4CXWSCY
4114;B4CCWSIC
4115;B4CAUV10
4116;B4C70RGI
4117;B4CZT3OQ
4118;B4CYG6FQ
4119;B4CWSVOJ
4120;B4CO1ZPG
4121;B4CD8CNK
4122;B4CIYHBU
4123;B4CGQILH
4124;B4C2MEYA
4125;B4CC9R0H
4126;B4CPTR5P
4127;B4CEMY5J
4128;B4CA12UH
4129;B4CF1I6Q
4130;B4CKMM58
4131;B4CL75C2
4132;B4COJNMH
4133;B4CJPKP3
4134;B4CQWOHR
4135;B4CENEVL
4136;B4CNXVXT
4137;B4C22FS3
4138;B4C80FU6
4139;B4C1QL5P
4140;B4C4HPGQ
4141;B4C9T8CZ
4142;B4C6R6EP
4143;B4C116JG
4144;B4CZHZ1X
4145;B4C6VZGI
4146;B4C5C9ZN
4147;B4C9BLDS
4148;B4CZYH2J
4149;B4CD7CN8
4150;B4CDRPLU
4151;B4CSK9GL
4152;B4CJMV1H
4153;B4CBAADS
4154;B4CKNZ5I
4155;B4CHR6HI
4156;B4C528BU
4157;B4CQX6SW
4158;B4CKUV6I
4159;B4C00B9M
4160;B4CT7KCR
4161;B4C9V4P2
4162;B4CQ1TEO
4163;B4C8A6EK
4164;B4CYXVTD
4165;B4CG7MZR
4166;B4C6AIYJ
4167;B4CEO40W
4168;B4C0A5C7
4169;B4C4GFY5
4170;B4CENH41
4171;B4CIZQ3M
4172;B4C3DPBD
4173;B4CGMC7I
4174;B4CCYD8S
4175;B4C5KU81
4176;B4CRZ4VT
4177;B4C7NXJC
4178;B4CBSWZJ
4179;B4CQCYZQ
4180;B4CO8QAW
4181;B4C3WTFI
4182;B4CK1LYN
4183;B4CSBYG7
4184;B4C1I4MV
4185;B4CDBKAQ
4186;B4CS3J14
4187;B4CXR5MY
4188;B4C6T7FE
4189;B4CB9WF8
4190;B4C38AJI
4191;B4CPFBPU
4192;B4C626V8
4193;B4CN4WWO
4194;B4C346KQ
4195;B4CB2EYS
4196;B4CIQ649
4197;B4CPSJYL
4198;B4CCMT8A
4199;B4CP4ZE8
4200;B4C72GRT
4201;B4CKVPGG
4202;B4C1Y1AC
4203;B4CVTB2O
4204;B4CVYWW7
4205;B4CHB4KQ
4206;B4CNYJFV
4207;B4CHKJ0N
4208;B4CIRKXA
4209;B4COBKXL
4210;B4CGMK91
4211;B4CP76EJ
4212;B4C2OJ4U
4213;B4C8JTTA
4214;B4CJ56MQ
4215;B4C0TNQ7
4216;B4CFV6XG
4217;B4C7D5OH
4218;B4CPMYNN
4219;B4CP2KK9
4220;B4CXMD80
4221;B4CAPGY1
4222;B4C9S0FA
4223;B4C5XLL5
4224;B4CMSDTO
4225;B4CDPS1U
4226;B4C5BDAE
4227;B4CWR3L3
4228;B4C5KIEC
4229;B4CI3QF9
4230;B4CCRWCK
4231;B4CPMOBF
4232;B4COBDKI
4233;B4C4A9J8
4234;B4CMLQ36
4235;B4C2KFLA
4236;B4CBWB3F
4237;B4CFFS9B
4238;B4C7LX0H
4239;B4CJRTQ0
4240;B4CI2WM7
4241;B4C0VQUG
4242;B4C3B2C5
4243;B4C44B6M
4244;B4CV3XCO
4245;B4CXLRJ9
4246;B4CB1LSL
4247;B4CMU1BJ
4248;B4C3VLCZ
4249;B4CEFTT0
4250;B4CUPYP9
4251;B4CPUNUR
4252;B4C94RIP
4253;B4CRU782
4254;B4C5H5YD
4255;B4CXJSWC
4256;B4CILPLW
4257;B4C2PQBO
4258;B4CF2A9O
4259;B4CSP0US
4260;B4CL5YLZ
4261;B4CZJK6C
4262;B4C8M2KV
4263;B4CT4U3F
4264;B4C1AH72
4265;B4CERVJJ
4266;B4CP1G3H
4267;B4CVH00T
4268;B4C7TYRD
4269;B4CHIWZW
4270;B4CXTTS6
4271;B4COYDNS
4272;B4C4WMC7
4273;B4CNDEL2
4274;B4CO831V
4275;B4CQDLRD
4276;B4CXYZYO
4277;B4CGL4FY
4278;B4CZL0LR
4279;B4CB8N96
4280;B4C7MY08
4281;B4COKMZ8
4282;B4CRRCUU
4283;B4CVGJ1X
4284;B4CUWFAZ
4285;B4CX8IWV
4286;B4CQ86A0
4287;B4CI1LOE
4288;B4C3LQMN
4289;B4CB7L4C
4290;B4CHPN1N
4291;B4CX778E
4292;B4CO2KLE
4293;B4CBQHWL
4294;B4CX6J1R
4295;B4CG06N5
4296;B4CG6918
4297;B4C3BJOM
4298;B4CUKYZD
4299;B4CBVZJQ
4300;B4C9EWVC
4301;B4CS3SK6
4302;B4CXJI9E
4303;B4CBXU26
4304;B4CHJBH6
4305;B4CHSFGK
4306;B4CTQGUA
4307;B4CLC7Q8
4308;B4CZ3OU4
4309;B4CV5705
4310;B4CIRF8R
4311;B4CQNAIX
4312;B4C3CR4Z
4313;B4CORDGG
4314;B4CZ7XPI
4315;B4C37DJ6
4316;B4CKOEGF
4317;B4CXCUU8
4318;B4C5WKLI
4319;B4CA7NY9
4320;B4CLXY0R
4321;B4CU40MZ
4322;B4CVQ0BB
4323;B4C9FY8A
4324;B4C7ZDBX
4325;B4CM7VHM
4326;B4CJ8NUS
4327;B4C1X05G
4328;B4CCZ9GR
4329;B4CSY5AL
4330;B4CJO2GU
4331;B4C01PZD
4332;B4CAB6AK
4333;B4CIMWUQ
4334;B4C9N0PR
4335;B4CUGWY7
4336;B4CY5GHU
4337;B4CD9QQ5
4338;B4C3BZIG
4339;B4CK88NI
4340;B4CV22W0
4341;B4CDNGSE
4342;B4CZFBS6
4343;B4CAZI7S
4344;B4CZ5J91
4345;B4C242I7
4346;B4C2CGY0
4347;B4C90A2T
4348;B4C55OVA
4349;B4CWQKUO
4350;B4CBFP2M
4351;B4COSMRQ
4352;B4CDRWYZ
4353;B4CAJO7R
4354;B4C4GWSP
4355;B4CLRRFV
4356;B4CVMDOS
4357;B4C5F6N4
4358;B4C4PO8F
4359;B4CVVSIA
4360;B4CX1YWH
4361;B4C9QKNM
4362;B4CBRH6X
4363;B4CM6N57
4364;B4C37QYD
4365;B4CSQMI0
4366;B4CT3DDR
4367;B4COC7EV
4368;B4CURLQ1
4369;B4C1O9OW
4370;B4CVCFPC
4371;B4CJBT2P
4372;B4CBH62F
4373;B4C5QCTG
4374;B4CDHAHF
4375;B4CCY20L
4376;B4C07U56
4377;B4CFLHGJ
4378;B4CFPP97
4379;B4C02IZD
4380;B4CCUBIU
4381;B4C2Y4NY
4382;B4CCPUQ6
4383;B4C3L65T
4384;B4CO0554
4385;B4CAIR3T
4386;B4CNCC4V
4387;B4CWGQCK
4388;B4CJLLLB
4389;B4CWZP9N
4390;B4CLKW09
4391;B4CHUGTJ
4392;B4CGDXS8
4393;B4C1ORZU
4394;B4CQ91PN
4395;B4CALWIK
4396;B4CFOOR1
4397;B4CSYCEG
4398;B4CSO4EY
4399;B4C9BDF3
4400;B4CENANH
4401;B4C37UK2
4402;B4CU8K21
4403;B4CFX7E8
4404;B4C6527W
4405;B4C9W75Y
4406;B4CRVKF6
4407;B4CCDHTA
4408;B4C6M755
4409;B4CJ0MJO
4410;B4CQMH99
4411;B4C3Q5W8
4412;B4C1JC8D
4413;B4CHIV3P
4414;B4C9M0WN
4415;B4CVGW3D
4416;B4CSL65V
4417;B4CJ2DKC
4418;B4C6SDWT
4419;B4C4S2IQ
4420;B4CYK4XS
4421;B4C6EYYY
4422;B4C5OK6R
4423;B4C9NU56
4424;B4C08QIN
4425;B4CTULNG
4426;B4CAGHS2
4427;B4C7MNNX
4428;B4C4G2LR
4429;B4CPRH0X
4430;B4C4EQYV
4431;B4CW843P
4432;B4CWX1M2
4433;B4C7QGPQ
4434;B4CHB88H
4435;B4C6AH0E
4436;B4C4KO8W
4437;B4CWPFHI
4438;B4C6GGTU
4439;B4CP1IUR
4440;B4CXM3OQ
4441;B4CY6D3R
4442;B4CGJKKH
4443;B4CJOBDP
4444;B4CVTSW7
4445;B4CDY0UL
4446;B4C158ML
4447;B4CH3JNA
4448;B4C1VHE4
4449;B4CO7GXH
4450;B4C28STL
4451;B4C32UGT
4452;B4CW6WLG
4453;B4C18BNO
4454;B4CNYZ3I
4455;B4CJ3OEZ
4456;B4CLOVHM
4457;B4CA8ZVK
4458;B4CJWM26
4459;B4C8J33O
4460;B4CU7TDX
4461;B4CMPGWD
4462;B4CU6L71
4463;B4C3S2CO
4464;B4CNSD2E
4465;B4CZFYD4
4466;B4CA54TT
4467;B4CLQT7P
4468;B4CZI61S
4469;B4C0NHOS
4470;B4CL69S3
4471;B4CSNSEX
4472;B4CWC36R
4473;B4CEAMBY
4474;B4C5UQWY
4475;B4CK59VA
4476;B4CQDOIJ
4477;B4CVSOR9
4478;B4CQ414K
4479;B4CBAOVJ
4480;B4CLAPCK
4481;B4CCXVGD
4482;B4CWZCK8
4483;B4CPHAQ8
4484;B4C732JL
4485;B4COX73G
4486;B4C0BF52
4487;B4CSVKQY
4488;B4CRXV4W
4489;B4C5UUYC
4490;B4C1W051
4491;B4C0KBA8
4492;B4CIH41S
4493;B4CQBO3D
4494;B4C2UW8Y
4495;B4C7TTAV
4496;B4CWBTCF
4497;B4C7AAUA
4498;B4CUZ1L1
4499;B4COIEOJ
4500;B4CKKGJS
4501;B4CH0RIH
4502;B4C5W7HA
4503;B4C24YIO
4504;B4CBXPZZ
4505;B4CIPBKE
4506;B4CAXRXO
4507;B4C5C2ZD
4508;B4CDV3WP
4509;B4C6KINA
4510;B4CEGXH3
4511;B4CTU2SY
4512;B4CT1AD3
4513;B4C8CLF7
4514;B4C0ITQQ
4515;B4CYEJUA
4516;B4CJYJMI
4517;B4C04YZY
4518;B4CYN8IV
4519;B4CDV76Z
4520;B4C16AR0
4521;B4CWS37Z
4522;B4C9X5QM
4523;B4C02HWX
4524;B4CT3UFL
4525;B4C86ILO
4526;B4COCZ97
4527;B4CM46W0
4528;B4CXQXXU
4529;B4CDACEI
4530;B4CNBR54
4531;B4CAXDAA
4532;B4CNFNO8
4533;B4CQ4NQ8
4534;B4CQKK43
4535;B4CU3O8Y
4536;B4CHKIL7
4537;B4CWEB40
4538;B4CG9F0P
4539;B4C2MW8C
4540;B4CKXX2Z
4541;B4CCT80G
4542;B4C249XN
4543;B4CBJ9EH
4544;B4C16TVC
4545;B4CWGG63
4546;B4CN9126
4547;B4CO4RBJ
4548;B4CRGFSI
4549;B4CX928U
4550;B4CRVKDI
4551;B4CRT7MY
4552;B4CNGMWH
4553;B4CC2KTL
4554;B4CRD2G2
4555;B4C49TD0
4556;B4CLJ5HO
4557;B4C7PE8V
4558;B4CUL3E9
4559;B4CTEMAO
4560;B4C3798F
4561;B4C0I2BV
4562;B4C9I445
4563;B4CD9UJC
4564;B4CZQRCB
4565;B4C5OJ5N
4566;B4CI3PRY
4567;B4CNEMIM
4568;B4COD1C6
4569;B4CAHJ7O
4570;B4C75IK1
4571;B4CA0Y3M
4572;B4C48DSN
4573;B4CM36CD
4574;B4CPX8LU
4575;B4CA6XS2
4576;B4CEXS08
4577;B4C5BFU7
4578;B4CLKP4J
4579;B4CTU3PA
4580;B4CN9RXT
4581;B4CUVUHR
4582;B4CQWSVI
4583;B4CAH90T
4584;B4CY2EWD
4585;B4C3O97D
4586;B4C3LQ1A
4587;B4CPEE0L
4588;B4CKKY50
4589;B4CTIRQN
4590;B4CJGIUN
4591;B4C6IXE3
4592;B4CJS0L1
4593;B4CHZ0VJ
4594;B4C61T65
4595;B4CSQ2Y6
4596;B4CD6SFE
4597;B4CVIVHG
4598;B4CFBUMH
4599;B4CSVGHM
4600;B4C7IQON
4601;B4CAWW4T
4602;B4CZ2TIP
4603;B4CPJD5L
4604;B4CQED21
4605;B4C6URQO
4606;B4CFU6M6
4607;B4C4GRXI
4608;B4CAFQYG
4609;B4CIWDUO
4610;B4CMUOLW
4611;B4C0XNJZ
4612;B4CZXJYQ
4613;B4C7JTMC
4614;B4CVL76E
4615;B4CFOZ2F
4616;B4C8286P
4617;B4CRO1IF
4618;B4CQ231E
4619;B4CYUF4C
4620;B4CKTD0O
4621;B4C06YXN
4622;B4CSWJQZ
4623;B4C28QCB
4624;B4CNQJGC
4625;B4CPPWDN
4626;B4CX9QZ5
4627;B4CHP334
4628;B4CLATUQ
4629;B4C373L0
4630;B4CK9AU6
4631;B4CQ0S4U
4632;B4C969ZH
4633;B4CLQB6U
4634;B4CDE4QR
4635;B4C0QBVP
4636;B4CA6ZRA
4637;B4C3PF71
4638;B4C9RB85
4639;B4C79FWS
4640;B4CYU8CT
4641;B4CQ08EQ
4642;B4C0JP6A
4643;B4CXLOC2
4644;B4CJ8SQK
4645;B4C3SAEA
4646;B4C9XZDQ
4647;B4CI731P
4648;B4COMI49
4649;B4C34S4Y
4650;B4C05R6E
4651;B4CSU2EW
4652;B4CDYFR7
4653;B4CP4FLI
4654;B4CNSG0R
4655;B4CW0O4D
4656;B4CP6L98
4657;B4CKQW3F
4658;B4C3IK85
4659;B4CCE5FL
4660;B4CFVUHM
4661;B4CX6G9R
4662;B4CWOALI
4663;B4CUBAF7
4664;B4C7GZOE
4665;B4CT1OLW
4666;B4CXK6X9
4667;B4CU4WVC
4668;B4CJ49ST
4669;B4CJ5JH4
4670;B4C7L2GA
4671;B4CWAKOS
4672;B4COBQV5
4673;B4CFGUTH
4674;B4C33KGP
4675;B4CP6ANT
4676;B4C4RL9K
4677;B4CO6QL9
4678;B4CURIO1
4679;B4C1R79L
4680;B4CNXV5R
4681;B4CNYG94
4682;B4C89L2C
4683;B4C3OEQP
4684;B4CQM5K2
4685;B4C0WKGY
4686;B4C63IJH
4687;B4C5HFO4
4688;B4CX9YBD
4689;B4CQ470Y
4690;B4C6B6H8
4691;B4C06BK2
4692;B4CNJWAB
4693;B4CK1J7K
4694;B4CJM713
4695;B4CKUNIK
4696;B4C0KL69
4697;B4CMQVR6
4698;B4C6YQP5
4699;B4CCYBNW
4700;B4C9W63V
4701;B4CQPJEJ
4702;B4C90JJ8
4703;B4CPDTCG
4704;B4CR2UV5
4705;B4C9I8D4
4706;B4CJR267
4707;B4CIWMZS
4708;B4CG7XB2
4709;B4C66IZU
4710;B4CQ120R
4711;B4CB7XOY
4712;B4CE5TN2
4713;B4C5BX8Z
4714;B4C4SED9
4715;B4CQMOK5
4716;B4CGHIKK
4717;B4C44SDK
4718;B4CAK2QO
4719;B4C4MM7E
4720;B4CN575N
4721;B4CVTL9F
4722;B4CN29ID
4723;B4C78UZU
4724;B4C3W165
4725;B4C70N8D
4726;B4CGW7AE
4727;B4CAMICV
4728;B4CRMJTP
4729;B4CPYUUR
4730;B4CK1OQI
4731;B4CNKQQS
4732;B4C78RIP
4733;B4CRWTQ1
4734;B4CHM5MD
4735;B4CZ0VXN
4736;B4CG52TL
4737;B4CVF7BP
4738;B4C84XWS
4739;B4C94UVA
4740;B4CC7UW9
4741;B4CNA3CR
4742;B4CXKV9J
4743;B4CS02FP
4744;B4C9DW3W
4745;B4C8750T
4746;B4CF7WS5
4747;B4CPY1IL
4748;B4CB7MO2
4749;B4CD8H32
4750;B4C5A0ZX
4751;B4C0HWL8
4752;B4C6YR2T
4753;B4CNY30Z
4754;B4C64MWO
4755;B4CYUT9E
4756;B4CFO9YA
4757;B4CVG84T
4758;B4COHMJ1
4759;B4CEGHZ2
4760;B4CZUC4M
4761;B4COPH8U
4762;B4CQ4PPE
4763;B4CQ9AMF
4764;B4C5P41L
4765;B4CUBS06
4766;B4CXM4VB
4767;B4C6SCFA
4768;B4C2RW4D
4769;B4CX0NYH
4770;B4CNG1CI
4771;B4CT16VR
4772;B4CLDDWG
4773;B4CC6RGN
4774;B4CGD9SV
4775;B4CWR4HR
4776;B4CFTMS4
4777;B4CILYQQ
4778;B4CSTXY1
4779;B4CUZK2H
4780;B4C4DHSP
4781;B4C0S3C1
4782;B4CP3IHP
4783;B4C2UZYE
4784;B4COW0IM
4785;B4COHILS
4786;B4C6U3B4
4787;B4CKDGU6
4788;B4CIHLL5
4789;B4CU4NNK
4790;B4CA9RXF
4791;B4CC4AHY
4792;B4C8BLDS
4793;B4C92P4M
4794;B4C6NN9T
4795;B4CF75X8
4796;B4CW18HV
4797;B4C3GVQM
4798;B4CL7PEK
4799;B4CLOXWA
4800;B4CT3X47
4801;B4C42JLM
4802;B4CC926F
4803;B4C6XNHM
4804;B4CZFJ8Z
4805;B4CD9256
4806;B4CDBG30
4807;B4C1HSV1
4808;B4C9LI9F
4809;B4CPKAUW
4810;B4CO59IY
4811;B4C4ZHP0
4812;B4CKQ4TW
4813;B4CWCY17
4814;B4C1T2DL
4815;B4CRHHAX
4816;B4CJ57WV
4817;B4CMHUKZ
4818;B4C7QDFQ
4819;B4CU2VCG
4820;B4C5Z52X
4821;B4C8QDM0
4822;B4C04VM7
4823;B4CHBKTJ
4824;B4CO8S3Y
4825;B4CZXES8
4826;B4CD20ZT
4827;B4CORE4J
4828;B4C0T5TS
4829;B4CNTFZ4
4830;B4CK69FP
4831;B4CQQ9DJ
4832;B4C39N9T
4833;B4C1RSG8
4834;B4CUUSYJ
4835;B4C57I99
4836;B4C02EQ4
4837;B4CW3A5Y
4838;B4COAS90
4839;B4CJ7SND
4840;B4CYX5SM
4841;B4CG63XG
4842;B4CMGL5Z
4843;B4CC8X20
4844;B4CIWJOU
4845;B4CGFKS6
4846;B4C5H6T4
4847;B4CX72NN
4848;B4C1S4MC
4849;B4C7ZYFR
4850;B4CS7BVK
4851;B4CQ680R
4852;B4C2TT6X
4853;B4C7WRTK
4854;B4CNX0ST
4855;B4C0XY2O
4856;B4CQPGKX
4857;B4CMGHLR
4858;B4CXPBME
4859;B4CE8APU
4860;B4C1SUWM
4861;B4CPZWR9
4862;B4CTGY38
4863;B4CZRZVY
4864;B4C3ELW2
4865;B4CCI0VF
4866;B4COP4GV
4867;B4CNZVP3
4868;B4C9TYE3
4869;B4C37X8O
4870;B4CF8JFF
4871;B4CXNQUR
4872;B4CVWYVJ
4873;B4CED70K
4874;B4C6ASG6
4875;B4CHX2KY
4876;B4CPJT0V
4877;B4C3J0HL
4878;B4C2Y4YQ
4879;B4CVPD2H
4880;B4CC1H5T
4881;B4CY1SH0
4882;B4CHKNBN
4883;B4C5YN5G
4884;B4C1OQUF
4885;B4CV5916
4886;B4CIN7JV
4887;B4C3O48A
4888;B4CLY5BG
4889;B4CTNUQG
4890;B4CC2MTM
4891;B4CHTYAI
4892;B4CVJFPN
4893;B4CFGOUN
4894;B4CE28HM
4895;B4CQHSFG
4896;B4C4QBJP
4897;B4CRBV5G
4898;B4CE8PAG
4899;B4CNNYDH
4900;B4CPF048
4901;B4C35C81
4902;B4CM1YT9
4903;B4CIN0H4
4904;B4CAPLVW
4905;B4C80J4D
4906;B4CTZM6F
4907;B4CGH1TO
4908;B4CYBYH9
4909;B4CX9GW7
4910;B4CT57X2
4911;B4C1U3ID
4912;B4CVZXR3
4913;B4CNK7ZL
4914;B4CTA8F1
4915;B4CYSDHX
4916;B4CV8X1Q
4917;B4CGW8ZN
4918;B4CT8X4U
4919;B4CBEPBA
4920;B4CL5BOC
4921;B4C7IFKF
4922;B4C6GX8H
4923;B4CTVICX
4924;B4CPQW46
4925;B4CYR723
4926;B4CDS8TH
4927;B4CEQA3Y
4928;B4CGECJI
4929;B4CV6JGG
4930;B4CHRE4C
4931;B4C1FUSV
4932;B4CEJCQQ
4933;B4C2FYUL
4934;B4CCJDJ0
4935;B4CR13L9
4936;B4CFHI8I
4937;B4CJV2P2
4938;B4C5ZVVW
4939;B4C65ZBX
4940;B4C2V198
4941;B4C63LTJ
4942;B4CGWOXL
4943;B4CSET47
4944;B4CUVXYV
4945;B4CWP49Z
4946;B4CCSQUP
4947;B4C4WHVM
4948;B4CD3EL5
4949;B4C3U3IQ
4950;B4COHSKA
4951;B4CETDFJ
4952;B4CYBM4C
4953;B4CD44BU
4954;B4CVC2F3
4955;B4CCN7FJ
4956;B4C92AYF
4957;B4CFGS43
4958;B4CPL00B
4959;B4CDA7TB
4960;B4CDI8BA
4961;B4CE477J
4962;B4CJSYJK
4963;B4CNNPIP
4964;B4C5S881
4965;B4C4L7X4
4966;B4CKR1S2
4967;B4C2GS85
4968;B4CMEAA5
4969;B4C27LER
4970;B4CNMBAK
4971;B4CH55M1
4972;B4CPUZG4
4973;B4CWI3ZC
4974;B4C18V4V
4975;B4CL50ST
4976;B4CKS152
4977;B4CDHEHK
4978;B4CJF20P
4979;B4CGJ7SX
4980;B4CAW7GU
4981;B4CWE9D2
4982;B4C2D24R
4983;B4CQRSK1
4984;B4C2RHYA
4985;B4C4ESAV
4986;B4C25Q6C
4987;B4CXF33R
4988;B4C95M9R
4989;B4C12YTC
4990;B4CHDNYN
4991;B4C4W5QG
4992;B4C7AE9S
4993;B4CY7NKV
4994;B4C2O7A5
4995;B4CHLQ2B
4996;B4COUWG0
4997;B4CG7E06
4998;B4CDJ7O2
4999;B4CRS3CN
5000;B4C5MFIK
